,"Name","Directory","Hud_image","Cockpit","CockpitX","CockpitY","CockpitZ","Unit_Scale","Mesh","Shield_Mesh","Rapid_Mesh","BSP_Mesh","Use_BSP","Use_Rapid","Sound","Light","Explosion","Textual_Description"
"Key","string","String","string","string","x=float","y=float","z=float(meters)","float","{filename(string);frame(int);texturetime(float)}","string","string","string","boolean","boolean","shieldhit(string);armorhit(string);hullhit(string);jump(string);explode(string);cloak(string);engine(string)","{meshfile(string);x(meters);y(meters);z(meters);scale(meters);r(percentage);g(percentage);b(percentage);a(percentage);activationspeed(meters/second)}","string","string"
,,,,,,,,,,,,,,,,,,
"Areus","Areus","./vessels/Areus","areus-hud.spr","light_cockpit.cpt",,,16,1.25,"{areus.bfxm;;}",,,,,,";;;;;;","{aeraburn.bfxm;-1;5.125;-11.25;8;;;;;}{aeraburn.bfxm;1;5.125;-11.25;8;;;;;}{aeraburn.bfxm;-1;-3;-11.25;8;;;;;}{aeraburn.bfxm;1;-3;-11.25;8;;;;;}","explosion_aera.ani","Aeran assault craft (fighter bomber)"
"Areus.blank","Areus","./vessels/Areus","areus-hud.spr","light_cockpit.cpt",,,16,1.25,"{areus.bfxm;;}",,,,,,";;;;;;","{aeraburn.bfxm;-1;5.125;-11.25;8;;;;;}{aeraburn.bfxm;1;5.125;-11.25;8;;;;;}{aeraburn.bfxm;-1;-3;-11.25;8;;;;;}{aeraburn.bfxm;1;-3;-11.25;8;;;;;}","explosion_aera.ani","Aeran assault craft(fighter bomber)"
"Goddard","Goddard","./vessels/Goddard","goddard-hud.spr","no-cockpit",0,0,13.5,5,"{goddard.bfxm;;}",,,,,,";;;;;;","{supernova.bmp.bfxm;0;0;-4.4;1.2;;;;;}{supernova.bmp.bfxm;0.6;0;-4.4;1.2;;;;;}{supernova.bmp.bfxm;-0.6;0;-4.4;1.2;;;;;}{supernova.bmp.bfxm;1.2;0;-4.4;1.2;;;;;}{supernova.bmp.bfxm;-1.2;0;-4.4;1.2;;;;;}{supernova.bmp.bfxm;1.8;0;-4.3;1.2;;;;;}{supernova.bmp.bfxm;-1.8;0;-4.3;1.2;;;;;}{supernova.bmp.bfxm;5;0.275;-2;2;;;;;}{supernova.bmp.bfxm;4;0.275;-2;2;;;;;}{supernova.bmp.bfxm;-5;0.275;-2;2;;;;;}{supernova.bmp.bfxm;-4;0.275;-2;2;;;;;}{supernova.bmp.bfxm;8.75;0.275;-2.75;2;;;;;}{supernova.bmp.bfxm;9.75;0.275;-2.75;2;;;;;}{supernova.bmp.bfxm;-9.75;0.275;-2.75;2;;;;;}{supernova.bmp.bfxm;-8.75;0.275;-2.75;2;;;;;}",,"Recently developed Andolian bomber. One of the most advanced and most expensive human craft currently in service."
"Kierkegaard","Kierkegaard","./vessels/Kierkegaard","Kierkegaard-hud.spr","no-cockpit",0,0,7,5,"{kierkegaard.bfxm;;}",,,,,,";;;;;;","{supernova.bmp.bfxm;0;0.75;-7.5;4;;;;;}{supernova.bmp.bfxm;0;-2;0.3;1;;;;;}{supernova.bmp.bfxm;0.5;-2;0.3;1;;;;;}{supernova.bmp.bfxm;-0.5;-2;0.3;1;;;;;}{supernova.bmp.bfxm;0.25;-2;0.3;1;;;;;}{supernova.bmp.bfxm;-0.25;-2;0.3;1;;;;;}{supernova.bmp.bfxm;0;-1.6;-1.35;1;;;;;}{supernova.bmp.bfxm;0.4;-1.6;-1.35;1;;;;;}{supernova.bmp.bfxm;-0.4;-1.6;-1.35;1;;;;;}{supernova.bmp.bfxm;0.2;-1.6;-1.35;1;;;;;}{supernova.bmp.bfxm;-0.2;-1.6;-1.35;1;;;;;}",,"Andolian Protectorate Missileboat/Gunship"
"Kierkegaard.blank","Kierkegaard","./vessels/Kierkegaard","Kierkegaard-hud.spr","no-cockpit",0,0,7,5,"{kierkegaard.bfxm;;}",,,,,,";;;;;;","{supernova.bmp.bfxm;0;0.75;-7.5;4;;;;;}{supernova.bmp.bfxm;0;-2;0.3;1;;;;;}{supernova.bmp.bfxm;0.5;-2;0.3;1;;;;;}{supernova.bmp.bfxm;-0.5;-2;0.3;1;;;;;}{supernova.bmp.bfxm;0.25;-2;0.3;1;;;;;}{supernova.bmp.bfxm;-0.25;-2;0.3;1;;;;;}{supernova.bmp.bfxm;0;-1.6;-1.35;1;;;;;}{supernova.bmp.bfxm;0.4;-1.6;-1.35;1;;;;;}{supernova.bmp.bfxm;-0.4;-1.6;-1.35;1;;;;;}{supernova.bmp.bfxm;0.2;-1.6;-1.35;1;;;;;}{supernova.bmp.bfxm;-0.2;-1.6;-1.35;1;;;;;}",,"Andolian Protectorate Missileboat/Gunship"
"Pacifier","Pacifier","./vessels/Pacifier","osprey-hud.spr","no-cockpit",0,0,17,1,"{pacifier.bfxm;;}",,,,,,";;;;;;","{supernova.bmp.bfxm;4;1.05;-15.5;13;;;;;}{supernova.bmp.bfxm;-4;1.05;-15.5;13;;;;;}{supernova.bmp.bfxm;3.75;-.75;-17;18;;;;;}{supernova.bmp.bfxm;-3.75;-.75;-17;18;;;;;}{supernova.bmp.bfxm;3.5;-3.75;-15.8;8;;;;;}{supernova.bmp.bfxm;-3.5;-3.75;-15.8;8;;;;;}{supernova.bmp.bfxm;5.25;-3.75;-15.8;8;;;;;}{supernova.bmp.bfxm;-5.25;-3.75;-15.8;8;;;;;}{supernova.bmp.bfxm;5.25;-5.1;-15.8;8;;;;;}{supernova.bmp.bfxm;-5.25;-5.1;-15.8;8;;;;;}{supernova.bmp.bfxm;3.5;-5.1;-15.8;8;;;;;}{supernova.bmp.bfxm;-3.5;-5.1;-15.8;8;;;;;}",,"Aging Purist heavy fighter/bomber"
"Pacifier.blank","Pacifier","./vessels/Pacifier","osprey-hud.spr","no-cockpit",0,0,17,1,"{pacifier.bfxm;;}",,,,,,";;;;;;","{supernova.bmp.bfxm;4;1.05;-15.5;13;;;;;}{supernova.bmp.bfxm;-4;1.05;-15.5;13;;;;;}{supernova.bmp.bfxm;3.75;-.75;-17;18;;;;;}{supernova.bmp.bfxm;-3.75;-.75;-17;18;;;;;}{supernova.bmp.bfxm;3.5;-3.75;-15.8;8;;;;;}{supernova.bmp.bfxm;-3.5;-3.75;-15.8;8;;;;;}{supernova.bmp.bfxm;5.25;-3.75;-15.8;8;;;;;}{supernova.bmp.bfxm;-5.25;-3.75;-15.8;8;;;;;}{supernova.bmp.bfxm;5.25;-5.1;-15.8;8;;;;;}{supernova.bmp.bfxm;-5.25;-5.1;-15.8;8;;;;;}{supernova.bmp.bfxm;3.5;-5.1;-15.8;8;;;;;}{supernova.bmp.bfxm;-3.5;-5.1;-15.8;8;;;;;}",,"Aging Purist heavy fighter/bomber"
"Taizong","Taizong","./vessels/Taizong","taizong-hud.sprite","rlaan-cockpit.cpt",0,0,39,0.5,"{taizong.bfxm;;}",,,,,,";;;;;;",,"explosion_rlaan.ani","Rlaan mass production assault craft"
"Taizong.blank","Taizong","./vessels/Taizong","taizong-hud.sprite","rlaan-cockpit.cpt",0,0,39,0.5,"{taizong.bfxm;;}",,,,,,";;;;;;",,"explosion_rlaan.ani","Rlaan mass production assault craft"
"Archimedes","Archimedes","./vessels/Archimedes","archimedes-hud.sprite",,,,,1,"{archimedes.bfxm;;}",,,,,,";;;;;;","{supernova.bmp.bfxm;-0.65;-0.0;-1260.76;100;;;;;}{supernova.bmp.bfxm;-219.38;-0.0;-996.0;100;;;;;}{supernova.bmp.bfxm;-150.35;-0.0;-996.0;100;;;;;}{supernova.bmp.bfxm;-80.64;-0.0;-996.0;100;;;;;}{supernova.bmp.bfxm;220.49;-0.0;-996.0;100;;;;;}{supernova.bmp.bfxm;151.14;-0.0;-996.0;100;;;;;}{supernova.bmp.bfxm;80.98;-0.0;-996.0;100;;;;;}",,"Aging considerably, the Archimedes class remains formidable at long range, where it's arsenal of capital missiles of design more modern than itself maintain its martial standing with assistance from recent upgrades to the main battery of beam weapons and fully modern sensor equipment. However, limited time, resources, and fundamental design issues have meant that the rest of the ship shows the age of the design enough that the survivability of the craft is not as high as it once was, even if the offensive impact has increased."
"Archimedes.blank","Archimedes","./vessels/Archimedes","archimedes-hud.sprite",,,,,96,"{archimedes.bfxm;;}",,,,,,";;;;;;","{supernova.bmp.bfxm;-0.007512;0.108995;-13.162303;0.420000;;;;;}{supernova.bmp.bfxm;-1.298644;0.250378;-9.955322;0.739999;;;;;}{supernova.bmp.bfxm;-2.182528;0.257965;-9.449021;0.779999;;;;;}{supernova.bmp.bfxm;-2.919419;0.241751;-9.026920;0.779999;;;;;}{supernova.bmp.bfxm;1.947601;0.169290;-9.583591;0.690000;;;;;}{supernova.bmp.bfxm;1.252088;0.181478;-9.981990;0.680000;;;;;}{supernova.bmp.bfxm;2.731254;0.138757;-9.134703;0.530000;;;;;}",,"Aging considerably, the Archimedes class remains formidable at long range, where it's arsenal of capital missiles of design more modern than itself maintain its martial standing with assistance from recent upgrades to the main battery of beam weapons and fully modern sensor equipment. However, limited time, resources, and fundamental design issues have meant that the rest of the ship shows the age of the design enough that the survivability of the craft is not as high as it once was, even if the offensive impact has increased."
"Clydesdale","Clydesdale","./vessels/Clydesdale","clydesdale-hud.sprite",,,,,9.44,"{clydesdale.bfxm;;}","clydesdale-shield.bfxm",,,,,";;;;;;","{supernova.bmp.bfxm;-8;-12;-115;40;;;;;}{supernova.bmp.bfxm;-8;-5;-115;40;;;;;}{supernova.bmp.bfxm;-8;2;-115;40;;;;;}{supernova.bmp.bfxm;-12;-1;-115;20;;;;;}{supernova.bmp.bfxm;-14;1.75;-115;20;;;;;}{supernova.bmp.bfxm;-13;4.75;-115;20;;;;;}{supernova.bmp.bfxm;8;-12;-115;40;;;;;}{supernova.bmp.bfxm;8;-5;-115;40;;;;;}{supernova.bmp.bfxm;8;2;-115;40;;;;;}{supernova.bmp.bfxm;12;-1;-115;20;;;;;}{supernova.bmp.bfxm;14;1.75;-115;20;;;;;}{supernova.bmp.bfxm;13;4.75;-115;20;;;;;}{supernova.bmp.bfxm;-8.5;15.75;-115;50;;;;;}{supernova.bmp.bfxm;-15.125;13.5;-115;30;;;;;}{supernova.bmp.bfxm;-15.125;17.75;-115;30;;;;;}{supernova.bmp.bfxm;-22.25;12.5;-115;10;;;;;}{supernova.bmp.bfxm;-19.125;16.5;-115;10;;;;;}{supernova.bmp.bfxm;-18.25;18.5;-115;10;;;;;}{supernova.bmp.bfxm;8.5;15.75;-115;50;;;;;}{supernova.bmp.bfxm;15.125;13.5;-115;30;;;;;}{supernova.bmp.bfxm;15.125;17.75;-115;30;;;;;}{supernova.bmp.bfxm;22.25;12.5;-115;10;;;;;}{supernova.bmp.bfxm;19.125;16.5;-115;10;;;;;}{supernova.bmp.bfxm;18.25;18.5;-115;10;;;;;}",,"The only warship produced at Merchant shipyards, the Clydesdale suffers somewhat from being a truly Confederation designed vessel, with noticeable committee effects. If not posessing unrivaled capabilities, nor visionary design, it is nonetheless a solid, workhorse of a vessel and produced, like all craft rolling off the Merchant shipyards, in some number."
"Clydesdale.blank","Clydesdale","./vessels/Clydesdale","clydesdale-hud.sprite",,,,,9.44,"{clydesdale.bfxm;;}","clydesdale-shield.bfxm",,,,,";;;;;;","{supernova.bmp.bfxm;-8;-12;-115;40;;;;;}{supernova.bmp.bfxm;-8;-5;-115;40;;;;;}{supernova.bmp.bfxm;-8;2;-115;40;;;;;}{supernova.bmp.bfxm;-12;-1;-115;20;;;;;}{supernova.bmp.bfxm;-14;1.75;-115;20;;;;;}{supernova.bmp.bfxm;-13;4.75;-115;20;;;;;}{supernova.bmp.bfxm;8;-12;-115;40;;;;;}{supernova.bmp.bfxm;8;-5;-115;40;;;;;}{supernova.bmp.bfxm;8;2;-115;40;;;;;}{supernova.bmp.bfxm;12;-1;-115;20;;;;;}{supernova.bmp.bfxm;14;1.75;-115;20;;;;;}{supernova.bmp.bfxm;13;4.75;-115;20;;;;;}{supernova.bmp.bfxm;-8.5;15.75;-115;50;;;;;}{supernova.bmp.bfxm;-15.125;13.5;-115;30;;;;;}{supernova.bmp.bfxm;-15.125;17.75;-115;30;;;;;}{supernova.bmp.bfxm;-22.25;12.5;-115;10;;;;;}{supernova.bmp.bfxm;-19.125;16.5;-115;10;;;;;}{supernova.bmp.bfxm;-18.25;18.5;-115;10;;;;;}{supernova.bmp.bfxm;8.5;15.75;-115;50;;;;;}{supernova.bmp.bfxm;15.125;13.5;-115;30;;;;;}{supernova.bmp.bfxm;15.125;17.75;-115;30;;;;;}{supernova.bmp.bfxm;22.25;12.5;-115;10;;;;;}{supernova.bmp.bfxm;19.125;16.5;-115;10;;;;;}{supernova.bmp.bfxm;18.25;18.5;-115;10;;;;;}",,"The only warship produced at Merchant shipyards, the Clydesdale suffers somewhat from being a truly Confederation designed vessel, with noticeable committee effects. If not posessing unrivaled capabilities, nor visionary design, it is nonetheless a solid, workhorse of a vessel and produced, like all craft rolling off the Merchant shipyards, in some number."
"Hawking","Hawking","./vessels/Hawking","hawking-hud.sprite","no-cockpit",,,,16,"{hawking.bfxm;;}",,,,,,,"{supernova.bmp.bfxm;0;0;-63.2;30;;;;;}{supernova.bmp.bfxm;0;12;-62.5;25;;;;;}{supernova.bmp.bfxm;8.75;0;-59;5;;;;;}{supernova.bmp.bfxm;0;-12;-62.5;25;;;;;}{supernova.bmp.bfxm;-8.75;0;-59;5;;;;;}",,"Prev-generation Anti-Capital Energy-based Cruiser"
"Hawking.blank","Hawking","./vessels/Hawking","hawking-hud.sprite","no-cockpit",,,,16,"{hawking.bfxm;;}",,,,,,,"{supernova.bmp.bfxm;0;0;-63.2;30;;;;;}{supernova.bmp.bfxm;0;12;-62.5;25;;;;;}{supernova.bmp.bfxm;8.75;0;-59;5;;;;;}{supernova.bmp.bfxm;0;-12;-62.5;25;;;;;}{supernova.bmp.bfxm;-8.75;0;-59;5;;;;;}",,"Prev-generation Anti-Capital Energy-based Cruiser"
"Leonidas","Leonidas","./vessels/Leonidas","yavok-hud.spr",,,,,275,"{yavok.bfxm;;}",,,,,,";;;;;;","{supernova.bmp.bfxm;0.003974;-0.088041;-10.100000;0.270000;;;;;}{supernova.bmp.bfxm;0.129814;0.211841;-10.100000;0.250000;;;;;}{supernova.bmp.bfxm;-0.147755;0.207606;-10.100000;0.250000;;;;;}","explosion_aera.ani","The Dreadnaught of the modern day, these Aeran battleships pack so many innovations and so much firepower into a single vessel that it is unfair to categorize it with other battlecruisers or battleships."
"Leonidas.blank","Leonidas","./vessels/Leonidas","yavok-hud.spr",,,,,275,"{yavok.bfxm;;}",,,,,,";;;;;;","{supernova.bmp.bfxm;0.003974;-0.088041;-10.100000;0.270000;;;;;}{supernova.bmp.bfxm;0.129814;0.211841;-10.100000;0.250000;;;;;}{supernova.bmp.bfxm;-0.147755;0.207606;-10.100000;0.250000;;;;;}","explosion_aera.ani","The Dreadnaught of the modern day, these Aeran battleships pack so many innovations and so much firepower into a single vessel that it is unfair to categorize it with other battlecruisers or battleships."
"Mk32","Mk32","./vessels/Mk32","mk32-hud.sprite","no-cockpit",0,54,524,300,"{mk32.bfxm;;}","mk32-shield.bfxm",,,,,";;;;;;","{supernova.bmp.bfxm;0.0;0.0;-33.13;3.961;;;;;}{supernova.bmp.bfxm;-0.52;0.74;-33.13;1.062;;;;;}{supernova.bmp.bfxm;-0.28;0.64;-33.13;1.062;;;;;}{supernova.bmp.bfxm;-0.15;0.88;-33.13;1.062;;;;;}{supernova.bmp.bfxm;-5.08;2.87;-17.78;1.062;;;;;}{supernova.bmp.bfxm;-4.72;2.83;-17.78;1.062;;;;;}{supernova.bmp.bfxm;-5.61;1.56;-17.78;1.062;;;;;}{supernova.bmp.bfxm;-5.33;1.33;-17.78;1.062;;;;;}{supernova.bmp.bfxm;-4.71;-2.83;-17.78;1.062;;;;;}{supernova.bmp.bfxm;-5.07;-2.86;-17.78;1.062;;;;;}{supernova.bmp.bfxm;-5.34;-1.34;-17.78;1.062;;;;;}{supernova.bmp.bfxm;-5.62;-1.56;-17.78;1.062;;;;;}{supernova.bmp.bfxm;-0.74;0.53;-33.13;1.062;;;;;}{supernova.bmp.bfxm;-0.64;0.29;-33.13;1.062;;;;;}{supernova.bmp.bfxm;-0.88;0.16;-33.13;1.062;;;;;}{supernova.bmp.bfxm;-0.74;-0.52;-33.13;1.062;;;;;}{supernova.bmp.bfxm;-0.64;-0.28;-33.13;1.062;;;;;}{supernova.bmp.bfxm;-0.88;-0.15;-33.13;1.062;;;;;}{supernova.bmp.bfxm;-2.87;-5.08;-17.78;1.062;;;;;}{supernova.bmp.bfxm;-2.83;-4.72;-17.78;1.062;;;;;}{supernova.bmp.bfxm;-1.56;-5.61;-17.78;1.062;;;;;}{supernova.bmp.bfxm;-1.33;-5.33;-17.78;1.062;;;;;}{supernova.bmp.bfxm;2.83;-4.71;-17.78;1.062;;;;;}{supernova.bmp.bfxm;2.86;-5.07;-17.78;1.062;;;;;}{supernova.bmp.bfxm;1.34;-5.34;-17.78;1.062;;;;;}{supernova.bmp.bfxm;1.56;-5.62;-17.78;1.062;;;;;}{supernova.bmp.bfxm;-0.52;-0.75;-33.13;1.062;;;;;}{supernova.bmp.bfxm;-0.28;-0.64;-33.13;1.062;;;;;}{supernova.bmp.bfxm;-0.15;-0.89;-33.13;1.062;;;;;}{supernova.bmp.bfxm;0.53;-0.75;-33.13;1.062;;;;;}{supernova.bmp.bfxm;0.28;-0.63;-33.13;1.062;;;;;}{supernova.bmp.bfxm;0.15;-0.88;-33.13;1.062;;;;;}{supernova.bmp.bfxm;5.08;-2.87;-17.78;1.062;;;;;}{supernova.bmp.bfxm;4.72;-2.83;-17.78;1.062;;;;;}{supernova.bmp.bfxm;5.61;-1.56;-17.78;1.062;;;;;}{supernova.bmp.bfxm;5.33;-1.33;-17.78;1.062;;;;;}{supernova.bmp.bfxm;4.71;2.83;-17.78;1.062;;;;;}{supernova.bmp.bfxm;5.07;2.86;-17.78;1.062;;;;;}{supernova.bmp.bfxm;5.34;1.34;-17.78;1.062;;;;;}{supernova.bmp.bfxm;5.62;1.56;-17.78;1.062;;;;;}{supernova.bmp.bfxm;0.74;-0.52;-33.13;1.062;;;;;}{supernova.bmp.bfxm;0.64;-0.28;-33.13;1.062;;;;;}{supernova.bmp.bfxm;0.89;-0.16;-33.13;1.062;;;;;}{supernova.bmp.bfxm;0.75;0.53;-33.13;1.062;;;;;}{supernova.bmp.bfxm;0.65;0.29;-33.13;1.062;;;;;}{supernova.bmp.bfxm;0.89;0.15;-33.13;1.062;;;;;}{supernova.bmp.bfxm;2.87;5.08;-17.78;1.062;;;;;}{supernova.bmp.bfxm;2.83;4.72;-17.78;1.062;;;;;}{supernova.bmp.bfxm;1.56;5.61;-17.78;1.062;;;;;}{supernova.bmp.bfxm;1.33;5.33;-17.78;1.062;;;;;}{supernova.bmp.bfxm;-2.83;4.71;-17.78;1.062;;;;;}{supernova.bmp.bfxm;-2.86;5.07;-17.78;1.062;;;;;}{supernova.bmp.bfxm;-1.34;5.34;-17.78;1.062;;;;;}{supernova.bmp.bfxm;-1.56;5.62;-17.78;1.062;;;;;}{supernova.bmp.bfxm;0.53;0.75;-33.13;1.062;;;;;}{supernova.bmp.bfxm;0.29;0.65;-33.13;1.062;;;;;}{supernova.bmp.bfxm;0.16;0.89;-33.13;1.062;;;;;}",,"Recent battle cruiser constructed by Mechanists under Confed contract"
"Shundi","Shundi","./vessels/Shundi","shundi-hud.sprite",,,,,2.5,"{shundi.bfxm;;}","shundi-shield.bfxm",,,,,";;;;;;",,"explosion_rlaan.ani","Rlaan cruiser"
"Shundi.blank","Shundi","./vessels/Shundi","shundi-hud.sprite",,,,,2.5,"{shundi.bfxm;;}","shundi-shield.bfxm",,,,,";;;;;;",,,"Rlaan cruiser"
"Tesla","Tesla","./vessels/Tesla","starrunner-hud.spr",,,,,1,"{tesla.bfxm;;}",,,,,,";;;;;;","{supernova.bmp.bfxm;0;-70;-1152;190;;;;;}{supernova.bmp.bfxm;524;-193;-1379;92;;;;;}{supernova.bmp.bfxm;-524;-193;-1379;92;;;;;}{supernova.bmp.bfxm;221.555344;100;-1211;100;;;;;}{supernova.bmp.bfxm;-221.555344;100;-1211;100;;;;;}",,"Andolian special purpose light cruiser introduced fairly recently into service. Designed specifically for anti-capital engagements, this vessel is unsuited to other attacking lesser targets, being in many senses a ship built as an unfortunate necessity to transport the desired weapons package."
"Tesla.blank","Tesla","./vessels/Tesla","starrunner-hud.spr",,,,,1,"{tesla.bfxm;;}",,,,,,";;;;;;","{supernova.bmp.bfxm;0;-70;-1152;190;;;;;}{supernova.bmp.bfxm;524;-193;-1379;92;;;;;}{supernova.bmp.bfxm;-524;-193;-1379;92;;;;;}{supernova.bmp.bfxm;221.555344;100;-1211;100;;;;;}{supernova.bmp.bfxm;-221.555344;100;-1211;100;;;;;}",,"Andolian special purpose light cruiser introduced fairly recently into service. Designed specifically for anti-capital engagements, this vessel is unsuited to other attacking lesser targets, being in many senses a ship built as an unfortunate necessity to transport the desired weapons package."
"Agesipolis","Agesipolis","./vessels/Agesipolis","agesipolis-hud.sprite",,,,,58,"{agesipolis.bfxm;;}",,,,,,";;;;;;","{supernova.bmp.bfxm;-2.184859;-0.079105;-38.838833;0.660000;;;;;}{supernova.bmp.bfxm;-2.862405;-0.101512;-38.838829;0.660000;;;;;}{supernova.bmp.bfxm;-3.566908;-0.083632;-38.838833;0.660000;;;;;}{supernova.bmp.bfxm;2.874130;-0.084240;-38.838833;0.660000;;;;;}{supernova.bmp.bfxm;3.550485;-0.079112;-38.838833;0.660000;;;;;}{supernova.bmp.bfxm;2.219056;-0.084286;-38.838833;0.660000;;;;;}","explosion_aera.ani","A carrier built on a scale of paranoid grandeur, this Aeran vessel is as much mobile base as anything else, packing sufficient supplies for prolonged engagements with contested supply lines."
"Agesipolis.blank","Agesipolis","./vessels/Agesipolis","agesipolis-hud.sprite",,,,,58,"{agesipolis.bfxm;;}",,,,,,";;;;;;","{supernova.bmp.bfxm;-2.184859;-0.079105;-38.838833;0.660000;;;;;}{supernova.bmp.bfxm;-2.862405;-0.101512;-38.838829;0.660000;;;;;}{supernova.bmp.bfxm;-3.566908;-0.083632;-38.838833;0.660000;;;;;}{supernova.bmp.bfxm;2.874130;-0.084240;-38.838833;0.660000;;;;;}{supernova.bmp.bfxm;3.550485;-0.079112;-38.838833;0.660000;;;;;}{supernova.bmp.bfxm;2.219056;-0.084286;-38.838833;0.660000;;;;;}","explosion_aera.ani","A carrier built on a scale of paranoid grandeur, this Aeran vessel is as much mobile base as anything else, packing sufficient supplies for prolonged engagements with contested supply lines."
"Anaxidamus","Anaxidamus","./vessels/Anaxidamus","anaxidamus-hud.sprite",,,,,1.2,"{anaxidamus.bfxm;;}",,,,,,";;;;;;","{supernova.bmp.bfxm;240.000000;0.000000;-720.000000;20.920383;;;;;}{supernova.bmp.bfxm;200.094818;0.513853;-720.000000;18.420326;;;;;}{supernova.bmp.bfxm;276.949173;-0.024924;-720.000000;18.680332;;;;;}{supernova.bmp.bfxm;-240.000000;0.000000;-720.000000;21.850405;;;;;}{supernova.bmp.bfxm;-200.635033;-0.202282;-720.000015;18.970339;;;;;}{supernova.bmp.bfxm;-276.241051;0.105462;-720.000000;18.360325;;;;;}{supernova.bmp.bfxm;6.067526;-12.261633;-636.000000;9.920132;;;;;}{supernova.bmp.bfxm;6.666323;12.706255;-636.000000;9.940132;;;;;}{supernova.bmp.bfxm;0.322466;0.844543;-636.000000;20.020363;;;;;}{supernova.bmp.bfxm;42.756214;3.113204;-636.000000;20.500374;;;;;}{supernova.bmp.bfxm;-6.067526;-12.261633;-636.000000;9.920132;;;;;}{supernova.bmp.bfxm;-6.666323;12.706255;-636.000000;9.940132;;;;;}{supernova.bmp.bfxm;-42.756214;3.113204;-636.000000;20.500374;;;;;}","explosion_aera.ani","Aeran cruiser, of venerable tenure of service."
"Anaxidamus.blank","Anaxidamus","./vessels/Anaxidamus","anaxidamus-hud.sprite",,,,,1.2,"{anaxidamus.bfxm;;}",,,,,,";;;;;;","{supernova.bmp.bfxm;240.000000;0.000000;-720.000000;20.920383;;;;;}{supernova.bmp.bfxm;200.094818;0.513853;-720.000000;18.420326;;;;;}{supernova.bmp.bfxm;276.949173;-0.024924;-720.000000;18.680332;;;;;}{supernova.bmp.bfxm;-240.000000;0.000000;-720.000000;21.850405;;;;;}{supernova.bmp.bfxm;-200.635033;-0.202282;-720.000015;18.970339;;;;;}{supernova.bmp.bfxm;-276.241051;0.105462;-720.000000;18.360325;;;;;}{supernova.bmp.bfxm;6.067526;-12.261633;-636.000000;9.920132;;;;;}{supernova.bmp.bfxm;6.666323;12.706255;-636.000000;9.940132;;;;;}{supernova.bmp.bfxm;0.322466;0.844543;-636.000000;20.020363;;;;;}{supernova.bmp.bfxm;42.756214;3.113204;-636.000000;20.500374;;;;;}{supernova.bmp.bfxm;-6.067526;-12.261633;-636.000000;9.920132;;;;;}{supernova.bmp.bfxm;-6.666323;12.706255;-636.000000;9.940132;;;;;}{supernova.bmp.bfxm;-42.756214;3.113204;-636.000000;20.500374;;;;;}","explosion_aera.ani","Aeran cruiser, of venerable tenure of service."
"Midwife","Midwife","./vessels/Midwife","midwife-hud.sprite",,,,,50,"{midwife.bfxm;;}","midwife-shield.bfxm",,,,,";;;;;;","{supernova.bmp.bfxm;0.82;0.03;-10.23;1;;;;;}{supernova.bmp.bfxm;0.45;0.03;-10.23;1;;;;;}{supernova.bmp.bfxm;-0.82;0.03;-10.23;1;;;;;}{supernova.bmp.bfxm;-0.45;0.03;-10.23;1;;;;;}{supernova.bmp.bfxm;0.90;0.90;-10.14;2;;;;;}{supernova.bmp.bfxm;0.90;1.50;-10.14;1.5;;;;;}{supernova.bmp.bfxm;-0.90;0.90;-10.14;2;;;;;}{supernova.bmp.bfxm;-0.90;1.50;-10.14;1.5;;;;;}{supernova.bmp.bfxm;0.90;-0.90;-10.14;2;;;;;}{supernova.bmp.bfxm;0.90;-1.50;-10.14;1.5;;;;;}{supernova.bmp.bfxm;-0.90;-0.90;-10.14;2;;;;;}{supernova.bmp.bfxm;-0.90;-1.50;-10.14;1.5;;;;;}",,"Shaper auxiliary carrier"
"Midwife.blank","Midwife","./vessels/Midwife","midwife-hud.sprite",,,,,50,"{midwife.bfxm;;}","midwife-shield.bfxm",,,,,";;;;;;","{supernova.bmp.bfxm;0.82;0.03;-10.23;1;;;;;}{supernova.bmp.bfxm;0.45;0.03;-10.23;1;;;;;}{supernova.bmp.bfxm;-0.82;0.03;-10.23;1;;;;;}{supernova.bmp.bfxm;-0.45;0.03;-10.23;1;;;;;}{supernova.bmp.bfxm;0.90;0.90;-10.14;2;;;;;}{supernova.bmp.bfxm;0.90;1.50;-10.14;1.5;;;;;}{supernova.bmp.bfxm;-0.90;0.90;-10.14;2;;;;;}{supernova.bmp.bfxm;-0.90;1.50;-10.14;1.5;;;;;}{supernova.bmp.bfxm;0.90;-0.90;-10.14;2;;;;;}{supernova.bmp.bfxm;0.90;-1.50;-10.14;1.5;;;;;}{supernova.bmp.bfxm;-0.90;-0.90;-10.14;2;;;;;}{supernova.bmp.bfxm;-0.90;-1.50;-10.14;1.5;;;;;}",,"Shaper auxiliary carrier"
"Watson","Watson","./vessels/Watson","watson-hud.spr",,,,,53,"{Watson_f.bfxm;;}","Watson_shield.bfxm",,,,,";;;;;;","{supernova.bmp.bfxm;3.350628;-0.048065;-10.520159;1;;;;;}{supernova.bmp.bfxm;-3.608623;-0.048065;-10.520159;1;;;;;}{supernova.bmp.bfxm;2.635845;-0.006721;-10.520159;2;;;;;}{supernova.bmp.bfxm;-2.89384;0.006721;-10.520159;2;;;;;}{supernova.bmp.bfxm;1.738954;-0.006894;-10.515365;2;;;;;}{supernova.bmp.bfxm;-1.996949;-0.006894;-10.515365;2;;;;;}",,"A support vessel of joint Andolian and Mechanist manufacture, the mostly automated Watson provides in-flight re-fueling and rearming for small craft."
"Watson.blank","Watson","./vessels/Watson","watson-hud.spr",,,,,53,"{Watson_f.bfxm;;}","Watson_shield.bfxm",,,,,";;;;;;","{supernova.bmp.bfxm;-109.315216;-11.178051;-504.000031;64.200336;;;;;}{supernova.bmp.bfxm;-157.605957;-7.940502;-504.000000;47.399963;;;;;}{supernova.bmp.bfxm;-195.157822;-4.150342;-504.000031;31.000000;;;;;}{supernova.bmp.bfxm;109.315216;-11.178051;-504.000031;64.200336;;;;;}{supernova.bmp.bfxm;157.605957;-7.940502;-504.000000;47.399963;;;;;}{supernova.bmp.bfxm;195.157822;-4.150342;-504.000031;31.000000;;;;;}",,"A support vessel of joint Andolian and Mechanist manufacture, the mostly automated Watson provides in-flight re-fueling and rearming for small craft."
"Agasicles","Agasicles","./vessels/Agasicles","agasicles-hud.sprite",,,,,90,"{agasicles.bfxm;;}",,,,,,,"{supernova.bmp.bfxm;3.107134;0.982170;-8.841594;0.700000;;;;;}{supernova.bmp.bfxm;3.929002;0.895344;-8.664594;0.510000;;;;;}{supernova.bmp.bfxm;2.262926;1.164508;-9.039288;0.790000;;;;;}{supernova.bmp.bfxm;1.428900;1.310004;-9.229702;0.970000;;;;;}{supernova.bmp.bfxm;-3.149171;0.971110;-8.832106;0.750000;;;;;}{supernova.bmp.bfxm;-3.958824;0.827343;-8.644172;0.620000;;;;;}{supernova.bmp.bfxm;-2.311709;1.111369;-9.021999;0.809999;;;;;}{supernova.bmp.bfxm;-1.445167;1.301220;-9.225076;0.970000;;;;;}{supernova.bmp.bfxm;-0.798733;-1.244226;-4.088035;1.630003;;;;;}{supernova.bmp.bfxm;0.798733;-1.244226;-4.088036;1.520002;;;;;}","explosion_aera.ani","A venerable Aeran destroyer, the Agasicles is designed far more for screening efforts than for capital engagements, but is nimble for a ship its size and dangerous in close quarters."
"Agasicles.blank","Agasicles","./vessels/Agasicles","agasicles-hud.sprite",,,,,90,"{agasicles.bfxm;;}",,,,,,,"{supernova.bmp.bfxm;3.107134;0.982170;-8.841594;0.700000;;;;;}{supernova.bmp.bfxm;3.929002;0.895344;-8.664594;0.510000;;;;;}{supernova.bmp.bfxm;2.262926;1.164508;-9.039288;0.790000;;;;;}{supernova.bmp.bfxm;1.428900;1.310004;-9.229702;0.970000;;;;;}{supernova.bmp.bfxm;-3.149171;0.971110;-8.832106;0.750000;;;;;}{supernova.bmp.bfxm;-3.958824;0.827343;-8.644172;0.620000;;;;;}{supernova.bmp.bfxm;-2.311709;1.111369;-9.021999;0.809999;;;;;}{supernova.bmp.bfxm;-1.445167;1.301220;-9.225076;0.970000;;;;;}{supernova.bmp.bfxm;-0.798733;-1.244226;-4.088035;1.630003;;;;;}{supernova.bmp.bfxm;0.798733;-1.244226;-4.088036;1.520002;;;;;}","explosion_aera.ani","A venerable Aeran destroyer, the Agasicles is designed far more for screening efforts than for capital engagements, but is nimble for a ship its size and dangerous in close quarters."
"Kahan","Kahan","./vessels/Kahan","kahan-hud.sprite",,,,,108.97,"{kahan.bfxm;;}","kahan-shield.bfxm",,,,,";;;;;;",,,"Andolian torpedo destroyer. An older model, many of the Kahans currently in service serve in the Andolian, Unadorned, and Mechanist units of the Confederation navy rather than in the Andolian Protectorate home fleet, though they are not uncommon there as well."
"Kahan.blank","Kahan","./vessels/Kahan","kahan-hud.sprite",,,,,1,"{kahan.bfxm;;}","kahan-shield.bfxm",,,,,";;;;;;",,,"Andolian torpedo destroyer. An older model, many of the Kahans currently in service serve in the Andolian, Unadorned, and Mechanist units of the Confederation navy rather than in the Andolian Protectorate home fleet, though they are not uncommon there as well."
"Ruizong","Ruizong","./vessels/Ruizong","ruizong-hud.sprite",,,,,4.3,"{ruizong.bfxm;;}","ruizong-shield.bfxm",,,,,";;;;;;",,"explosion_rlaan.ani","Rlaan destroyer. Generally seen escorting larger capital vessels."
"Ruizong.blank","Ruizong","./vessels/Ruizong","ruizong-hud.sprite",,,,,4.3,"{ruizong.bfxm;;}","ruizong-shield.bfxm",,,,,";;;;;;",,"explosion_rlaan.ani","Rlaan destroyer. Generally seen escorting larger capital vessels."
"Thales","Thales","./vessels/Thales","corvette-hud.spr",,,,,70,"{thales.bfxm;;}",,,,,,";;;;;;",,,"The Thales class has the distinction of being the oldest military vessel in service that was originally designed for military use."
"Thales.blank","Thales","./vessels/Thales","corvette-hud.spr",,,,,70,"{thales.bfxm;;}",,,,,,";;;;;;",,,"The Thales class has the distinction of being the oldest military vessel in service that was originally designed for military use."
"Vigilance","Vigilance","./vessels/Vigilance","vigilance-hud.sprite",,0,0,0,110,"{vigilance.bfxm;;}",,,,,,";;;;;;","{supernova.bmp.bfxm;1.1;0.95;-11.46;0.398;;;;;}{supernova.bmp.bfxm;-1.1;0.95;-11.46;0.398;;;;;}{supernova.bmp.bfxm;-4.44;-0.97;-12.55;0.614;;;;;}{supernova.bmp.bfxm;4.44;-0.97;-12.55;0.614;;;;;}{supernova.bmp.bfxm;2.97;-0.42;-10.9;1.023;;;;;}{supernova.bmp.bfxm;-2.96;-0.42;-10.9;1.023;;;;;}{supernova.bmp.bfxm;-0.85;-0.28;-11.46;1.137;;;;;}{supernova.bmp.bfxm;-0.29;-0.28;-11.46;1.137;;;;;}{supernova.bmp.bfxm;0.85;-0.28;-11.46;1.137;;;;;}{supernova.bmp.bfxm;0.3;-0.28;-11.46;1.137;;;;;}{supernova.bmp.bfxm;0.46;0.72;-11.46;1.137;;;;;}{supernova.bmp.bfxm;-0.44;0.72;-11.46;1.137;;;;;}",,"Purist manufactured corvette"
"Vigilance.blank","Vigilance","./vessels/Vigilance","Vigilance-hud.spr",,0,0,0,110,"{vigilance.bfxm;;}",,,,,,";;;;;;",,,
"Admonisher","Admonisher","./vessels/Admonisher","admonisher-hud.sprite","no-cockpit",0,8.26,9.6,0.76,"{admonisher.bfxm;;}","admonisher-shield.bfxm",,,,,";;;;;;","{supernova.bmp.bfxm;4.5;1.8;-13.85;5;;;;;}{supernova.bmp.bfxm;5.1;2.75;-13.85;5;;;;;}{supernova.bmp.bfxm;3.95;2.75;-13.85;5;;;;;}{supernova.bmp.bfxm;-4.5;1.8;-13.85;5;;;;;}{supernova.bmp.bfxm;-5.1;2.75;-13.85;5;;;;;}{supernova.bmp.bfxm;-3.95;2.75;-13.85;5;;;;;}{supernova.bmp.bfxm;4.5;.35;-13.85;12;;;;;}{supernova.bmp.bfxm;-4.5;.35;-13.85;12;;;;;}{supernova.bmp.bfxm;6.45;-4.8;-12.3;4;;;;;}{supernova.bmp.bfxm;5.45;-4.8;-12.3;4;;;;;}{supernova.bmp.bfxm;4.5;-4.8;-12.3;4;;;;;}{supernova.bmp.bfxm;-6.45;-4.8;-12.3;4;;;;;}{supernova.bmp.bfxm;-5.45;-4.8;-12.3;4;;;;;}{supernova.bmp.bfxm;-4.5;-4.8;-12.3;4;;;;;}",,"Purist light assault craft"
"Admonisher.blank","Admonisher","./vessels/Admonisher","admonisher-hud.sprite","no-cockpit",0,8.26,9.6,0.76,"{admonisher.bfxm;;}","admonisher-shield.bfxm",,,,,";;;;;;","{supernova.bmp.bfxm;4.5;1.8;-13.85;5;;;;;}{supernova.bmp.bfxm;5.1;2.75;-13.85;5;;;;;}{supernova.bmp.bfxm;3.95;2.75;-13.85;5;;;;;}{supernova.bmp.bfxm;-4.5;1.8;-13.85;5;;;;;}{supernova.bmp.bfxm;-5.1;2.75;-13.85;5;;;;;}{supernova.bmp.bfxm;-3.95;2.75;-13.85;5;;;;;}{supernova.bmp.bfxm;4.5;.35;-13.85;12;;;;;}{supernova.bmp.bfxm;-4.5;.35;-13.85;12;;;;;}{supernova.bmp.bfxm;6.45;-4.8;-12.3;4;;;;;}{supernova.bmp.bfxm;5.45;-4.8;-12.3;4;;;;;}{supernova.bmp.bfxm;4.5;-4.8;-12.3;4;;;;;}{supernova.bmp.bfxm;-6.45;-4.8;-12.3;4;;;;;}{supernova.bmp.bfxm;-5.45;-4.8;-12.3;4;;;;;}{supernova.bmp.bfxm;-4.5;-4.8;-12.3;4;;;;;}",,"Purist light assault craft"
"Ancestor","Ancestor","./vessels/Ancestor","ancestor-hud.sprite",,0,1.8,8,1,"{ancestor.bfxm;;}","ancestor-shield.bfxm",,,,,";;;;;;","{thrust1.bfxm;0;.5;-7.5;8;;;;;}{thrust1.bfxm;1.3;0;-7.5;10;;;;;}{thrust1.bfxm;-1.3;0;-7.5;10;;;;;}{thrust1.bfxm;.4;-.3;-7;4;;;;;}{thrust1.bfxm;-.4;-.3;-7;4;;;;;}",,"Shaper orbit-ground aerospace attack craft"
"Ancestor.blank","Ancestor","./vessels/Ancestor","ancestor-hud.sprite",,0,1.8,8,1,"{ancestor.bfxm;;}","ancestor-shield.bfxm",,,,,";;;;;;","{thrust1.bfxm;0;.5;-7.5;8;;;;;}{thrust1.bfxm;1.3;0;-7.5;10;;;;;}{thrust1.bfxm;-1.3;0;-7.5;10;;;;;}{thrust1.bfxm;.4;-.3;-7;4;;;;;}{thrust1.bfxm;-.4;-.3;-7;4;;;;;}",,"Shaper orbit-ground aerospace attack craft"
"Ariston","Ariston","./vessels/Ariston","ariston-hud.spr","light_cockpit.cpt",0,0,14,1.25,"{ariston.bfxm;;}",,,,,,";;;;;;","{aeraburn.bfxm;-2.75;0;-8.75;12;;;;;}{aeraburn.bfxm;2.75;0;-8.75;12;;;;;}","explosion_aera.ani","Aeran escort/superiority fighter"
"Ariston.blank","Ariston","./vessels/Ariston","ariston-hud.spr","light_cockpit.cpt",0,0,14,1.25,"{ariston.bfxm;;}",,,,,,";;;;;;","{aeraburn.bfxm;-2.75;0;-8.75;12;;;;;}{aeraburn.bfxm;2.75;0;-8.75;12;;;;;}","explosion_aera.ani","Aeran escort/superiority fighter"
"Beholder","Beholder","./vessels/Beholder","beholder-hud.sprite",,,,,,"{beholder.bfxm;;}","beholder-shield.bfxm",,,,,,"{supernova.bmp.bfxm;0;-0.5;13;0.500000;;;;;}{supernova.bmp.bfxm;0;0;-7.20000;3.000000;;;;;}",,"Ancient Drone"
"Beholder.blank","Beholder","./vessels/Beholder","beholder-hud.sprite",,,,,,"{beholder.bfxm;;}","beholder-shield.bfxm",,,,,,"{supernova.bmp.bfxm;0;-0.5;13;0.500000;;;;;}{supernova.bmp.bfxm;0;0;-7.20000;3.000000;;;;;}",,"Ancient Drone"
"Convolution","Convolution","./vessels/Convolution","convolution-hud.sprite",,,,4.5,3,"{convolution.bfxm;;}",,,,,,";;;;;;","{supernova.bmp.bfxm;-0.506007;2.40000e-2;-5.16000;.6;;;;;}{supernova.bmp.bfxm;9.59928e-2;3.20000e-2;-3.67200;.6;;;;;}",,"Unadorned assault craft"
"Convolution.blank","Convolution","./vessels/Convolution","convolution-hud.sprite",,,,4.5,3,"{convolution.bfxm;;}",,,,,,";;;;;;","{supernova.bmp.bfxm;-0.506007;2.40000e-2;-5.16000;.6;;;;;}{supernova.bmp.bfxm;9.59928e-2;3.20000e-2;-3.67200;.6;;;;;}",,"Unadorned assault craft"
"Determinant","Determinant","./vessels/Determinant","determinant-hud.sprite",,,,4,1,"{determinant.bfxm;;}",,,,,,";;;;;;","{supernova.bmp.bfxm;0.158000;2.80064e-2;-4.83800;1;;;;;}{supernova.bmp.bfxm;0.786000;3.40064e-2;-4.83800;1;;;;;}",,"Unadorned superiority fighter"
"Determinant.blank","Determinant","./vessels/Determinant","determinant-hud.sprite",,,,4,1,"{determinant.bfxm;;}",,,,,,";;;;;;","{supernova.bmp.bfxm;0.158000;2.80064e-2;-4.83800;1;;;;;}{supernova.bmp.bfxm;0.786000;3.40064e-2;-4.83800;1;;;;;}",,"Unadorned superiority fighter"
"Dostoevsky","Dostoevsky","./vessels/Dostoevsky","dostoevsky-hud.sprite",,,,10,1.58,"{dostoevsky.bfxm;;}",,,,,,";;;;;;","{supernova.bmp.bfxm;0;0;-6.36800;4;;;;;}",,"A superiority fighter manufactured in massive numbers by the Andolian Protectorate, the Dostoevsky combines a light, efficient design with immediately palpable firepower.  Though designed to engage other fighters, its ability to carry a torpedo, if only one, broadens the range of targets that must stay wary, especially in the numbers that Dostoevskys tend to appear in."
"Dostoevsky.blank","Dostoevsky","./vessels/Dostoevsky","dostoevsky-hud.sprite","no-cockpit",,,10,1.58,"{dostoevsky.bfxm;;}",,,,,,";;;;;;","{supernova.bmp.bfxm;0;0;-6.36800;4;;;;;}",,"A superiority fighter manufactured in massive numbers by the Andolian Protectorate, the Dostoevsky combines a light, efficient design with immediately palpable firepower.  Though designed to engage other fighters, its ability to carry a torpedo, if only one, broadens the range of targets that must stay wary, especially in the numbers that Dostoevskys tend to appear in."
"Hammer","Hammer","./vessels/Hammer","hammer-hud.sprite","no-cockpit",0,0.5,29,0.69,"{hammer.bfxm;;}",,,,,,";;;;;;","{supernova.bmp.bfxm;0.086;-0.269;-14.620000;2.000000;;;;;}",,"The Hammer assault craft was originally named the 'Toad', a creation of the LIHW.  However, usage of this model by the ISO has made it iconic, to the point where few call it by its original name.  Much larger than the other famous ISO ship, the Sickle, the Hammer  has sometimes been referred to as 'the mighty arm of the proletariat' in ISO propaganda."
"Hammer.blank","Hammer","./vessels/Hammer","hammer-hud.sprite","no-cockpit",0,0.5,29,0.69,"{hammer.bfxm;;}",,,,,,";;;;;;","{supernova.bmp.bfxm;0.086;-0.269;-14.620000;2.000000;;;;;}",,"The Hammer assault craft was originally named the 'Toad', a creation of the LIHW.  However, usage of this model by the ISO has made it iconic, to the point where few call it by its original name.  Much larger than the other famous ISO ship, the Sickle, the Hammer  has sometimes been referred to as 'the mighty arm of the proletariat' in ISO propaganda."
"Hyena","Hyena","./vessels/Hyena","hyena-hud.spr","no-cockpit",0,0,100,0.15,"{hyena.bfxm;;}",,,,,,";;;;;;","{supernova.bmp.bfxm;-43.740699;-14.15585;-74.549662;20;;;;;}{supernova.bmp.bfxm;-35.702901;-14.15585;-74.549662;20;;;;;}{supernova.bmp.bfxm;35.702901;-14.15585;-74.549662;20;;;;;}{supernova.bmp.bfxm;43.740699;-14.15585;-74.549662;20;;;;;}",,"Like their namesakes from the savannahs of Earth, Hyenas are often seen preferring to engage the damaged, the naive, and the straggler rather than pursuing more solid prey, especially when in the hands of Pirates.  Though they possess neither great speed, nor impressive maneuverability, the Hyenas nonetheless pack enough firepower to give a pilot pause, especially in packs."
"Hyena.blank","Hyena","./vessels/Hyena","hyena-hud.spr","no-cockpit",0,0,100,0.15,"{hyena.bfxm;;}",,,,,,";;;;;;","{supernova.bmp.bfxm;-43.740699;-14.15585;-74.549662;20;;;;;}{supernova.bmp.bfxm;-35.702901;-14.15585;-74.549662;20;;;;;}{supernova.bmp.bfxm;35.702901;-14.15585;-74.549662;20;;;;;}{supernova.bmp.bfxm;43.740699;-14.15585;-74.549662;20;;;;;}",,"Like their namesakes from the savannahs of Earth, Hyenas are often seen preferring to engage the damaged, the naive, and the straggler rather than pursuing more solid prey, especially when in the hands of Pirates.  Though they possess neither great speed, nor impressive maneuverability, the Hyenas nonetheless pack enough firepower to give a pilot pause, especially in packs."
"Lancelot","Lancelot","./vessels/Lancelot","destiny-hud.spr",,0,0.5,10,1,"{lancelot.bfxm;;}","lancelot_shield.bfxm",,,,,";;;;;;","{supernova.bmp.bfxm;-3.35;1.125;-9.25;8;;;;;}{supernova.bmp.bfxm;3.35;1.125;-9.25;8;;;;;}{supernova.bmp.bfxm;-3.5;.125;-9.25;3;;;;;}{supernova.bmp.bfxm;3.5;.125;-9.25;3;;;;;}{supernova.bmp.bfxm;-3;.25;-9.25;3;;;;;}{supernova.bmp.bfxm;3;.25;-9.25;3;;;;;}{supernova.bmp.bfxm;-3.35;-.3;-9.25;3;;;;;}{supernova.bmp.bfxm;3.35;-.3;-9.25;3;;;;;}{supernova.bmp.bfxm;-2.9;-.16;-9.25;3;;;;;}{supernova.bmp.bfxm;2.9;-.16;-9.25;3;;;;;}",,"High-Born heavy superiority fighter"
"Lancelot.blank","Lancelot","./vessels/Lancelot","destiny-hud.spr",,0,0.5,10,1,"{lancelot.bfxm;;}","lancelot_shield.bfxm",,,,,";;;;;;","{supernova.bmp.bfxm;-3.35;1.125;-9.25;8;;;;;}{supernova.bmp.bfxm;3.35;1.125;-9.25;8;;;;;}{supernova.bmp.bfxm;-3.5;.125;-9.25;3;;;;;}{supernova.bmp.bfxm;3.5;.125;-9.25;3;;;;;}{supernova.bmp.bfxm;-3;.25;-9.25;3;;;;;}{supernova.bmp.bfxm;3;.25;-9.25;3;;;;;}{supernova.bmp.bfxm;-3.35;-.3;-9.25;3;;;;;}{supernova.bmp.bfxm;3.35;-.3;-9.25;3;;;;;}{supernova.bmp.bfxm;-2.9;-.16;-9.25;3;;;;;}{supernova.bmp.bfxm;2.9;-.16;-9.25;3;;;;;}",,"High-Born heavy superiority fighter"
"Redeemer","Redeemer","./vessels/Redeemer","redeemer-hud.spr","no-cockpit",0,0.25,8,1,"{redeemer.bfxm;;}",,,,,,";;;;;;","{thrust1.bfxm;-0.0;-0.533517;-4.4708;5;;;;;}",,"Aging Luddite insystem fighter"
"Redeemer.blank","Redeemer","./vessels/Redeemer","redeemer-hud.spr","no-cockpit",0,0.25,8,1,"{redeemer.bfxm;;}",,,,,,";;;;;;","{thrust1.bfxm;-0.0;-0.533517;-4.4708;5;;;;;}",,"Aging Luddite insystem fighter"
"Regret","Regret","./vessels/Regret","Regret-hud.spr",,0,0,0,1,"{regret.bfxm;;}","regret-shield.bfxm",,,,,";;;;;;","{supernova.bmp.bfxm;-0.5973;0.48082;-7.39491;4;;;;;}{supernova.bmp.bfxm;0.5973;0.48082;-7.39491;4;;;;;}{supernova.bmp.bfxm;2.0167;0.00188;-7.39491;4;;;;;}{supernova.bmp.bfxm;-2.0167;0.00188;-7.39491;4;;;;;}{supernova.bmp.bfxm;0.61947;-0.49032;-7.39491;4;;;;;}{supernova.bmp.bfxm;-0.61947;-0.49032;-7.39491;4;;;;;}",,"Shmrn in-system superiority fighter"
"Regret.blank","Regret","./vessels/Regret","Regret-hud.spr",,0,0,0,2,"{regret.bfxm;;}",,,,,,";;;;;;","{supernova.bmp.bfxm;-0.5973;0.48082;-7.39491;4;;;;;}{supernova.bmp.bfxm;0.5973;0.48082;-7.39491;4;;;;;}{supernova.bmp.bfxm;2.0167;0.00188;-7.39491;4;;;;;}{supernova.bmp.bfxm;-2.0167;0.00188;-7.39491;4;;;;;}{supernova.bmp.bfxm;0.61947;-0.49032;-7.39491;4;;;;;}{supernova.bmp.bfxm;-0.61947;-0.49032;-7.39491;4;;;;;}",,
"Robin","Robin","./vessels/Robin","robin-hud.sprite",,0,0.5,12,1.25,"{robin.bfxm;;}",,,,,,";;;;;;","{supernova.bmp.bfxm;1.500000;0.700000;-8.000000;2.750000;;;;;}{supernova.bmp.bfxm;-1.500000;0.700000;-8.000000;2.750000;;;;;}",,"LIHW mass production utility fighter"
"Robin.blank","Robin","./vessels/Robin","robin-hud.sprite",,0,0.5,12,1.25,"{robin.bfxm;;}",,,,,,";;;;;;","{supernova.bmp.bfxm;1.500000;0.700000;-8.000000;2.750000;;;;;}{supernova.bmp.bfxm;-1.500000;0.700000;-8.000000;2.750000;;;;;}",,"LIHW mass production utility fighter"
"Seaxbane","Seaxbane","./vessels/Seaxbane","seaxbane-hud.sprite",,0,0,0,0.13,"{seaxbane.bfxm;;}",,,,,,";;;;;;","{supernova.bmp.bfxm;4.97838;5.31369;-12.347302;13;;;;;}{supernova.bmp.bfxm;-4.97823;5.31369;-12.347297;13;;;;;}",,"Security drone"
"Seaxbane.blank","SeaxBane","./vessels/Seaxbane","seaxbane-hud.sprite",,0,0,0,0.13,"{seaxbane.bfxm;;}",,,,,,";;;;;;","{supernova.bmp.bfxm;4.97838;5.31369;-12.347302;13;;;;;}{supernova.bmp.bfxm;-4.97823;5.31369;-12.347297;13;;;;;}",,"Security drone"
"Shizong","Shizong","./vessels/Shizong","Shizong-hud.spr",,0,0,0,1.5,"{Shizong-Hi.bfxm;;}",,,,,,";;;;;;",,,
"Shizong.blank","Shizong","./vessels/Shizong","Shizong-hud.spr",,0,0,0,1.5,"{Shizong-Hi.bfxm;;}",,,,,,";;;;;;",,,
"Sickle","Sickle","./vessels/Sickle","sickle-hud.sprite",,,,13,1.5,"{sickle.bfxm;;}",,,,,,";;;;;;","{supernova.bmp.bfxm;0.058558;0.326294;-1.977969;1.780003;;;;;}{supernova.bmp.bfxm;-1.347379;0.958650;-3.000000;0.40000;;;;;}{supernova.bmp.bfxm;1.347379;0.958650;-3.000000;0.40000;;;;;}{supernova.bmp.bfxm;0.863464;-1.003810;-3.000000;0.40000;;;;;}{supernova.bmp.bfxm;-0.863464;-1.003810;-3.000000;0.40000;;;;;}",,"Like the Hammer, the Sickle is a ship of LIHW design, and was known prior to ISO usage as the 'Goose'. While the Hammer is more feared, the Sickle is more common. By far the most common ship seen in use by the ISO, the Sickle's maneuverability and large missile bays make it a favorite of many Hunters as well."
"Sickle.blank","Sickle","./vessels/Sickle","sickle-hud.sprite",,,,13,1.5,"{sickle.bfxm;;}",,,,,,";;;;;;","{supernova.bmp.bfxm;0.058558;0.326294;-1.977969;1.780003;;;;;}{supernova.bmp.bfxm;-1.347379;0.958650;-3.000000;0.40000;;;;;}{supernova.bmp.bfxm;1.347379;0.958650;-3.000000;0.40000;;;;;}{supernova.bmp.bfxm;0.863464;-1.003810;-3.000000;0.40000;;;;;}{supernova.bmp.bfxm;-0.863464;-1.003810;-3.000000;0.40000;;;;;}",,"Like the Hammer, the Sickle is a ship of LIHW design, and was known prior to ISO usage as the 'Goose'. While the Hammer is more feared, the Sickle is more common. By far the most common ship seen in use by the ISO, the Sickle's maneuverability and large missile bays make it a favorite of many Hunters as well."
"Vendetta.blank","Vendetta","./vessels/Vendetta","vendetta-hud.spr",,0,0.71,30.33,0.5,"{vendetta.bfxm;;}",,,,,,";;;;;;","{supernova.bmp.bfxm;7.861;-2.5;2.6;11;;;;;}{supernova.bmp.bfxm;-7.861;-2.5;2.6;11;;;;;}{supernova.bmp.bfxm;7.661;-3.9;4.206;8;;;;;}{supernova.bmp.bfxm;-7.661;-3.9;4.206;8;;;;;}",,"LTC built Hunter-commisioned vessel"
"Zhuangzong","Zhuangzong","./vessels/Zhuangzong","zhuangzong-hud.spr","rlaan-cockpit.cpt",0,0,5.5,1,"{zhuangzong.bfxm;;}","zhuangzong_shield.bfxm",,,,,";;;;;;",,"explosion_rlaan.ani","Rlaan mass production fighter"
"Zhuangzong.blank","Zhuangzong","./vessels/Zhuangzong","zhuangzong-hud.spr","rlaan-cockpit.cpt",0,0,5.5,1,"{zhuangzong.bfxm;;}","zhuangzong_shield.bfxm",,,,,";;;;;;",,"explosion_rlaan.ani","Rlaan mass production fighter"
"Derivative","Derivative","./vessels/Derivative","Derivative-hud.spr","no-cockpit",0,0.21,3.5,1,"{Derivative.bfxm;;}","Derivative_shield.bfxm",,,,,";;;;;;","{supernova.bmp.bfxm;0.00000e+0;8.60000e-2;-3.90200;.5;;;;;}{supernova.bmp.bfxm;-0.386000;8.60000e-2;-3.90200;.5;;;;;}{supernova.bmp.bfxm;0.386000;8.60000e-2;-3.90200;.5;;;;;}",,"Unadorned missile based interceptor"
"Derivative.blank","Derivative","./vessels/Derivative","Derivative-hud.spr","no-cockpit",0,0.21,3.5,1,"{Derivative.bfxm;;}",,,,,,";;;;;;","{supernova.bmp.bfxm;0.00000e+0;8.60000e-2;-3.90200;.5;;;;;}{supernova.bmp.bfxm;-0.386000;8.60000e-2;-3.90200;.5;;;;;}{supernova.bmp.bfxm;0.386000;8.60000e-2;-3.90200;.5;;;;;}",,"Unadorned missile based interceptor"
"Dirge","Dirge","./vessels/Dirge","Dirge-hud.spr","no-cockpit",0,0,10,1,"{dirge.bfxm;;}",,,,,,";;;;;;","{supernova.bmp.bfxm;1.55;-2.2;-3;4;;;;;}{supernova.bmp.bfxm;-1.55;-2.2;-3;4;;;;;}",,"Shmrn Insystem Interceptor"
"Dirge.blank","Dirge","./vessels/Dirge","Dirge-hud.spr","no-cockpit",0,0,10,1,"{dirge.bfxm;;}",,,,,,";;;;;;","{supernova.bmp.bfxm;1.55;-2.2;-3;4;;;;;}{supernova.bmp.bfxm;-1.55;-2.2;-3;4;;;;;}",,"Shmrn Insystem Interceptor"
"Gawain","Gawain","./vessels/Gawain","gawain-hud.spr",,0,0,10,1.25,"{gawain.bfxm;;}",,,,,,";;;;;;","{supernova.bmp.bfxm;0;-.328;-9.75;8;;;;;}{supernova.bmp.bfxm;0.25;-1.1;-9.75;5;;;;;}{supernova.bmp.bfxm;-0.25;-1.1;-9.75;5;;;;;}",,"Main line High-Born interceptor"
"Gawain.blank","Gawain","./vessels/Gawain","gawain-hud.spr",,0,0,10,1.25,"{gawain.bfxm;;}",,,,,,";;;;;;","{supernova.bmp.bfxm;0;-.328;-9.75;8;;;;;}{supernova.bmp.bfxm;0.25;-1.1;-9.75;5;;;;;}{supernova.bmp.bfxm;-0.25;-1.1;-9.75;5;;;;;}",,"Main line High-Born interceptor"
"Jackal","Jackal","./vessels/Jackal","jackal-hud.sprite","no-cockpit",0,0,10,1,"{jackal.bfxm;;}",,,,,,";;;;;;","{supernova.bmp.bfxm;1.55;-2.2;-3;4;;;;;}{supernova.bmp.bfxm;-1.55;-2.2;-3;4;;;;;}",,"Forsaken Interceptor"
"Jackal.blank","Jackal","./vessels/Jackal","jackal-hud.sprite","no-cockpit",0,0,10,1,"{jackal.bfxm;;}",,,,,,";;;;;;","{supernova.bmp.bfxm;1.55;-2.2;-3;4;;;;;}{supernova.bmp.bfxm;-1.55;-2.2;-3;4;;;;;}",,"Forsaken Interceptor"
"Knight","Knight","./vessels/Knight","knight-hud.sprite","no-cockpit",0,0,10,1,"{knight.bfxm;;}",,,,,,";;;;;;","{supernova.bmp.bfxm;1.55;-2.2;-3;4;;;;;}{supernova.bmp.bfxm;-1.55;-2.2;-3;4;;;;;}",,"Uln Interceptor"
"Knight.blank","Knight","./vessels/Knight","knight-hud.sprite","no-cockpit",0,0,10,1,"{knight.bfxm;;}",,,,,,";;;;;;","{supernova.bmp.bfxm;1.55;-2.2;-3;4;;;;;}{supernova.bmp.bfxm;-1.55;-2.2;-3;4;;;;;}",,"Uln Interceptor"
"Nicander","Nicander","./vessels/Nicander","nicander-hud.spr","light_cockpit.cpt",0,0.25,13,1.25,"{nicander.bfxm;;}",,,,,,";;;;;;","{aeraburn.bfxm;-0.75;-0.086;-10;8;;;;;}{aeraburn.bfxm;0.75;-0.086;-10;8;;;;;}","explosion_aera.ani","Aeran interceptor"
"Nicander.blank","Nicander","./vessels/Nicander","nicander-hud.spr","light_cockpit.cpt",0,0.25,13,1.25,"{nicander.bfxm;;}",,,,,,";;;;;;","{aeraburn.bfxm;-0.75;-0.086;-10;8;;;;;}{aeraburn.bfxm;0.75;-0.086;-10;8;;;;;}","explosion_aera.ani","Aeran interceptor"
"Progeny","Progeny","./vessels/Progeny","mongoose-hud.spr",,0,0.5,7,1,"{progeny.bfxm;;}","progeny_shield.bfxm",,,,,";;;;;;","{supernova.bmp.bfxm;2.8;2.8;-5;7;;;;;}{supernova.bmp.bfxm;-2.8;2.8;-5;7;;;;;}{supernova.bmp.bfxm;4;2.335;-5;7;;;;;}{supernova.bmp.bfxm;-4;2.335;-5;7;;;;;}",,"Shaper single-pilot interceptor"
"Progeny.blank","Progeny","./vessels/Progeny","mongoose-hud.spr",,0,0.5,7,1,"{progeny.bfxm;;}","progeny_shield.bfxm",,,,,";;;;;;","{supernova.bmp.bfxm;2.8;2.8;-5;7;;;;;}{supernova.bmp.bfxm;-2.8;2.8;-5;7;;;;;}{supernova.bmp.bfxm;4;2.335;-5;7;;;;;}{supernova.bmp.bfxm;-4;2.335;-5;7;;;;;}",,"Shaper single-pilot interceptor"
"Schroedinger","Schroedinger","./vessels/Schroedinger","schroedinger-hud.spr",,,,12.5,1.5,"{schroedinger.bfxm;;}",,,,,,";;;;;;","{supernova.bmp.bfxm;0;-.5;-5.5;10;;;;;}",,"The Schroedinger serves as a scout ship, lightly armed when compared to most other vessels.  As per the infamous cat, its acceleration curve and advanced ECM and stealth hardware make it difficult to discern whether its in the same state it was last seen in."
"Schroedinger.blank","Schroedinger","./vessels/Schroedinger","schroedinger-hud.spr",,,,12.5,1.5,"{schroedinger.bfxm;;}",,,,,,";;;;;;","{supernova.bmp.bfxm;0;-.5;-5.5;10;;;;;}",,"The Schroedinger serves as a scout ship, lightly armed when compared to most other vessels.  As per the infamous cat, its acceleration curve and advanced ECM and stealth hardware make it difficult to discern whether its in the same state it was last seen in."
"Shizu","Shizu","./vessels/Shizu","shizu-hud.sprite","rlaan-cockpit.cpt",0,0,15,0.64,"{shizu.bfxm;;}",,,,,,";;;;;;",,"explosion_rlaan.ani","The Rlaan Shizu is in many ways similar to its Confederate counterpart, the Schroedinger, meant more for reconaissance and scouting patrols than heavy combat.  Nonetheless, its twin gun mountings allow it to mount a basic defense, should it come under attack."
"Shizu.blank","Shizu","./vessels/Shizu","shizu-hud.sprite","rlaan-cockpit.cpt",0,0,15,0.64,"{shizu.bfxm;;}",,,,,,";;;;;;",,"explosion_rlaan.ani","The Rlaan Shizu is in many ways similar to its Confederate counterpart, the Schroedinger, meant more for reconaissance and scouting patrols than heavy combat.  Nonetheless, its twin gun mountings allow it to mount a basic defense, should it come under attack."
"Hidalgo__pirates","Hidalgo","./vessels/Hidalgo","hidalgo-hud.sprite","no-cockpit",0,0,0,1,"{hidalgo.bfxm;;}",,,,,,,"{supernova.bmp.bfxm;5;8.5;-76.75;45;;;;;}{supernova.bmp.bfxm;-5;8.5;-76.75;45;;;;;}{supernova.bmp.bfxm;2.75;-7.375;-76;20;;;;;}{supernova.bmp.bfxm;-2.75;-7.375;-76;20;;;;;}{supernova.bmp.bfxm;0;-10.65;-74.75;20;;;;;}{supernova.bmp.bfxm;-14.25;-15;-25.5;30;;;;;}{supernova.bmp.bfxm;14.25;-15;-25.5;30;;;;;}",,"Converted luxury yachts make excellent pirate vessels, provided the pirate doesn't need to purchase the vessel in the first place."
"Hidalgo__pirates.blank","Hidalgo","./vessels/Hidalgo","hidalgo-hud.sprite","no-cockpit",0,0,0,1,"{hidalgo.bfxm;;}",,,,,,,"{supernova.bmp.bfxm;5;8.5;-76.75;45;;;;;}{supernova.bmp.bfxm;-5;8.5;-76.75;45;;;;;}{supernova.bmp.bfxm;2.75;-7.375;-76;20;;;;;}{supernova.bmp.bfxm;-2.75;-7.375;-76;20;;;;;}{supernova.bmp.bfxm;0;-10.65;-74.75;20;;;;;}{supernova.bmp.bfxm;-14.25;-15;-25.5;30;;;;;}{supernova.bmp.bfxm;14.25;-15;-25.5;30;;;;;}",,"Converted luxury yachts make excellent pirate vessels, provided the pirate doesn't need to purchase the vessel in the first place."
"Hyena__pirates","Hyena","./vessels/Hyena","hyena-hud.spr","no-cockpit",0,0,100,0.15,"{hyena.bfxm;;}",,,,,,";;;;;;",,,"The Hyena's size and bulk may be to its detriment as a combat vessel, but are desired properties for looting-oriented engagements."
"Hyena__pirates.blank","Hyena","./vessels/Hyena","hyena-hud.spr","no-cockpit",0,0,100,0.15,"{hyena.bfxm;;}",,,,,,";;;;;;",,,"The Hyena's size and bulk may be to its detriment as a combat vessel, but are desired properties for looting-oriented engagements."
"Plowshare__pirates","Plowshare","./vessels/Plowshare","wayfarer-hud.spr","no-cockpit",0,6,25,1,"{plowshare.bfxm;;}","plowshare_shield.bfxm",,,,,";;;;;;","{supernova.bmp.bfxm;6.3;8;-12.25;8;;;;;}{supernova.bmp.bfxm;-6.3;8;-12.25;8;;;;;}{supernova.bmp.bfxm;12.75;-3.4;-14.75;8;;;;;}{supernova.bmp.bfxm;-12.75;-3.4;-14.75;8;;;;;}{supernova.bmp.bfxm;12.75;-9;-14.75;8;;;;;}{supernova.bmp.bfxm;-12.75;-9;-14.75;8;;;;;}",,"Pirate-centric modification to the traditional Purist Plowshare design"
"Plowshare__pirates.blank","Plowshare","./vessels/Plowshare","wayfarer-hud.spr","no-cockpit",0,6,25,1,"{plowshare.bfxm;;}","plowshare_shield.bfxm",,,,,";;;;;;","{supernova.bmp.bfxm;6.3;8;-12.25;8;;;;;}{supernova.bmp.bfxm;-6.3;8;-12.25;8;;;;;}{supernova.bmp.bfxm;12.75;-3.4;-14.75;8;;;;;}{supernova.bmp.bfxm;-12.75;-3.4;-14.75;8;;;;;}{supernova.bmp.bfxm;12.75;-9;-14.75;8;;;;;}{supernova.bmp.bfxm;-12.75;-9;-14.75;8;;;;;}",,"A scavenger"
"Thales__pirates","Thales","./vessels/Thales","corvette-hud.spr",,,,,70,"{thales.bfxm;;}",,,,,,";;;;;;",,,"Over the decades, as they were decommissioned from the Andolian fleet and sold to other governments, many Thales class vessels have found their way into the hands of less than reputable parties."
"Thales__pirates.blank","Thales","./vessels/Thales","corvette-hud.spr",,,,,70,"{thales.bfxm;;}",,,,,,";;;;;;",,,"Over the decades, as they were decommissioned from the Andolian fleet and sold to other governments, many Thales class vessels have found their way into the hands of less than reputable parties."
"Ct2000","Ct2000","./vessels/Ct2000","ct2000-hud.sprite","no-cockpit",0,0,3.5,5,"{ct2000.bfxm;;}",,,,,,";;;;;;","{supernova.bmp.bfxm;0.00000e+0;0.350000;-2.09200;2;;;;;}{supernova.bmp.bfxm;1.31600;-6.00000e-3;-1.82200;2;;;;;}{supernova.bmp.bfxm;-1.32800;-6.00000e-3;-1.82200;2;;;;;}",,"LIHW Wake Industries corporate shuttle"
"Ct2000.blank","Ct2000","./vessels/Ct2000","ct2000-hud.sprite","no-cockpit",0,0,3.5,5,"{ct2000.bfxm;;}",,,,,,";;;;;;","{supernova.bmp.bfxm;0.00000e+0;0.350000;-2.09200;2;;;;;}{supernova.bmp.bfxm;1.31600;-6.00000e-3;-1.82200;2;;;;;}{supernova.bmp.bfxm;-1.32800;-6.00000e-3;-1.82200;2;;;;;}",,"LIHW Wake Industries corporate shuttle"
"Dodo","Dodo","./vessels/Dodo","dodo-hud.sprite","no-cockpit",0,0,125,0.2,"{dodo.bfxm;;}",,,,,,";;;;;;","{supernova.bmp.bfxm;10.24;-2.759;-18.302;6;;;;;}{supernova.bmp.bfxm;-10.24;-2.759;-18.302;6;;;;;}",,"Replacement model for Dodo"
"Dodo.blank","Dodo","./vessels/Dodo","dodo-hud.sprite","no-cockpit",0,0,125,0.2,"{dodo.bfxm;;}",,,,,,";;;;;;","{supernova.bmp.bfxm;10.24;-2.759;-18.302;6;;;;;}{supernova.bmp.bfxm;-10.24;-2.759;-18.302;6;;;;;}",,"The ugliest cargo tug in existence"
"Entourage","Entourage","./vessels/Entourage","entourage-hud.sprite","no-cockpit",0,0,0,1,"{entourage.bfxm;;}","entourage-shield.bfxm",,,,,";;;;;;","{supernova.bmp.bfxm;0.1;-0.44;-2.95;0.151;;;;;}{supernova.bmp.bfxm;-0.05;-0.44;-2.95;0.151;;;;;}{supernova.bmp.bfxm;-0.3;0.25;-2.99;0.195;;;;;}{supernova.bmp.bfxm;0.35;0.25;-2.99;0.195;;;;;}{supernova.bmp.bfxm;1.67;-0.1;-3.51;0.32;;;;;}{supernova.bmp.bfxm;1.36;-0.08;-3.51;0.32;;;;;}{supernova.bmp.bfxm;1.04;-0.1;-3.51;0.32;;;;;}{supernova.bmp.bfxm;0.75;-0.1;-3.51;0.32;;;;;}{supernova.bmp.bfxm;-1.61;-0.1;-3.51;0.32;;;;;}{supernova.bmp.bfxm;-1.31;-0.08;-3.51;0.32;;;;;}{supernova.bmp.bfxm;-0.99;-0.1;-3.51;0.32;;;;;}{supernova.bmp.bfxm;-0.7;-0.1;-3.51;0.32;;;;;}{supernova.bmp.bfxm;-0.11;0.26;-2.99;0.274;;;;;}{supernova.bmp.bfxm;0.31;-0.43;-2.95;0.274;;;;;}{supernova.bmp.bfxm;-0.26;-0.43;-2.95;0.274;;;;;}{supernova.bmp.bfxm;0.15;0.26;-2.99;0.274;;;;;}",,"Luxury Personal Transportation by the Luxury Travel Conglomerate primarily utilized by the Highborn and Uln Ranks of Lords"
"Entourage.blank","Entourage","./vessels/Entourage","entourage-hud.sprite",,0,0,0,1,"{entourage.bfxm;;}","entourage-shield.bfxm",,,,,";;;;;;",,,
"Franklin","Franklin","./vessels/Franklin","franklin-hud.sprite",,0,0,2.5,10,"{franklin.bfxm;;}",,,,,,";;;;;;","{supernova.bmp.bfxm;0.00000e+0;2.40000e-2;-1.03600;.5;;;;;}{supernova.bmp.bfxm;-0.298000;2.40000e-2;-1.03600;.5;;;;;}{supernova.bmp.bfxm;0.290000;2.40000e-2;-1.03600;.5;;;;;}",,"Andolian diplomatic shuttle"
"Franklin.blank","Franklin","./vessels/Franklin","franklin-hud.sprite",,0,0,2.5,10,"{franklin.bfxm;;}",,,,,,";;;;;;","{supernova.bmp.bfxm;0.00000e+0;2.40000e-2;-1.03600;.5;;;;;}{supernova.bmp.bfxm;-0.298000;2.40000e-2;-1.03600;.5;;;;;}{supernova.bmp.bfxm;0.290000;2.40000e-2;-1.03600;.5;;;;;}",,"Andolian diplomatic shuttle"
"GTIO","GTIO","./vessels/GTIO","gtio-hud.sprite","no-cockpit",0,0,0,0.03,"{gtio.bfxm;;}",,,,,,";;;;;;","{supernova.bmp.bfxm;160;0;-400;800;;;;;}{supernova.bmp.bfxm;-160;0;-400;800;;;;;}",,"High-Born Manufactured Civilian Sports-Vessel"
"GTIO.blank","GTIO","./vessels/GTIO","gtio-hud.sprite","no-cockpit",0,0,0,0.03,"{gtio.bfxm;;}",,,,,,";;;;;;","{supernova.bmp.bfxm;160;0;-400;800;;;;;}{supernova.bmp.bfxm;-160;0;-400;800;;;;;}",,"High-Born Manufactured Civilian Sports-Vessel"
"H496","H496","./vessels/H496","h496-hud.sprite",,0,0,0,2,"{h496.bfxm;;}","h496-shield.bfxm",,,,,";;;;;;","{supernova.bmp.bfxm;-5.57;-0.33;-11.3;6.248;;;;;}{supernova.bmp.bfxm;5.56;-0.33;-11.3;6.248;;;;;}",,"Limousine for the starfaring crowd constructed by the Luxury Travel Conglomerate"
"H496.blank","H496","./vessels/H496","H496-hud.spr",,0,0,0,2,"{H496.bfxm;;}","H496shield.bfxm",,,,,";;;;;;","{supernova.bmp.bfxm;5.25;-0.55;-12.75;6;;;;;}{supernova.bmp.bfxm;-5.25;-0.55;-12.75;6;;;;;}",,
"Kafka","Kafka","./vessels/Kafka","kafka-hud.sprite","no-cockpit",0,0,0,4,"{kafka.bfxm;;}",,,,,,";;;;;;","{supernova.bmp.bfxm;0;1;-5.15;2;;;;;}{supernova.bmp.bfxm;1;1.2;-5.175;3;;;;;}{supernova.bmp.bfxm;-1;1.2;-5.175;3;;;;;}{supernova.bmp.bfxm;3;-1.8;-4.15;1;;;;;}{supernova.bmp.bfxm;-3;-1.8;-4.15;1;;;;;}{supernova.bmp.bfxm;2.7;-1.95;-4.15;1;;;;;}{supernova.bmp.bfxm;-2.7;-1.95;-4.15;1;;;;;}",,"A Klk'k unarmed light cargo shuttle"
"Kafka.blank","Kafka","./vessels/Kafka","kafka-hud.sprite",,0,0,0,4,"{kafka.bfxm;;}",,,,,,";;;;;;","{supernova.bmp.bfxm;0;1;-5.15;2;;;;;}{supernova.bmp.bfxm;1;1.2;-5.175;3;;;;;}{supernova.bmp.bfxm;-1;1.2;-5.175;3;;;;;}{supernova.bmp.bfxm;3;-1.8;-4.15;1;;;;;}{supernova.bmp.bfxm;-3;-1.8;-4.15;1;;;;;}{supernova.bmp.bfxm;2.7;-1.95;-4.15;1;;;;;}{supernova.bmp.bfxm;-2.7;-1.95;-4.15;1;;;;;}",,"A Klk'k unarmed light cargo shuttle"
"Llama","Llama","./vessels/Llama","llama-hud.spr","no-cockpit",0,0,3.5,7,"{llama.bfxm;;}",,,,,,";;;;;;","{supernova.bmp.bfxm;0.00000e+0;0.350000;-2.09200;2;;;;;}{supernova.bmp.bfxm;1.31600;-6.00000e-3;-1.82200;2;;;;;}{supernova.bmp.bfxm;-1.32800;-6.00000e-3;-1.82200;2;;;;;}{supernova.bmp.bfxm;1.316;0.450;-1.37;0.5;1;1;1;1;0.0005;0;-1;0}{supernova.bmp.bfxm;1.963;0.010;-1.37;0.5;1;1;1;1;0.0005;-1;0;0}{supernova.bmp.bfxm;1.316;-0.431;-1.37;0.5;1;1;1;1;0.0005;0;1;0}{supernova.bmp.bfxm;-1.316;0.450;-1.37;0.5;1;1;1;1;0.0005;0;-1;0}{supernova.bmp.bfxm;-1.963;0.010;-1.37;0.5;1;1;1;1;0.0005;1;0;0}{supernova.bmp.bfxm;-1.316;-0.431;-1.37;0.5;1;1;1;1;0.0005;0;1;0}{supernova.bmp.bfxm;1.059;0.346;2.327;0.5;1;1;1;1;0.0005;0;-1;0}{supernova.bmp.bfxm;1.454;0.094;2.327;0.5;1;1;1;1;0.0005;-1;0;0}{supernova.bmp.bfxm;1.059;-0.157;2.327;0.5;1;1;1;1;0.0005;0;1;0}{supernova.bmp.bfxm;-1.059;0.346;2.327;0.5;1;1;1;1;0.0005;0;-1;0}{supernova.bmp.bfxm;-1.454;0.094;2.327;0.5;1;1;1;1;0.0005;1;0;0}{supernova.bmp.bfxm;-1.059;-0.157;2.327;0.5;1;1;1;1;0.0005;0;1;0}{supernova.bmp.bfxm;1.652;0.208;1.565;0.8;1;1;1;1;0.0005;0;0;-1}{supernova.bmp.bfxm;-1.652;0.208;1.565;0.8;1;1;1;1;0.0005;0;0;-1}",,"Venerable LIHW built armed light cargo shuttle"
"Llama.begin","Llama","./vessels/Llama","llama-hud.spr","no-cockpit",0,0,3.5,7,"{llama.bfxm;;}",,,,,"TRUE",";;;;;;","{supernova.bmp.bfxm;0;0.35;-2.09200;2;;;;;}{supernova.bmp.bfxm;1.31;0;-1.82200;2;;;;;}{supernova.bmp.bfxm;-1.32800;0;-1.82200;2;;;;;}{supernova.bmp.bfxm;1.316;0.450;-1.37;0.5;1;1;1;1;0.0005;0;-1;0}{supernova.bmp.bfxm;1.963;0.010;-1.37;0.5;1;1;1;1;0.0005;-1;0;0}{supernova.bmp.bfxm;1.316;-0.431;-1.37;0.5;1;1;1;1;0.0005;0;1;0}{supernova.bmp.bfxm;-1.316;0.450;-1.37;0.5;1;1;1;1;0.0005;0;-1;0}{supernova.bmp.bfxm;-1.963;0.010;-1.37;0.5;1;1;1;1;0.0005;1;0;0}{supernova.bmp.bfxm;-1.316;-0.431;-1.37;0.5;1;1;1;1;0.0005;0;1;0}{supernova.bmp.bfxm;1.059;0.346;2.327;0.5;1;1;1;1;0.0005;0;-1;0}{supernova.bmp.bfxm;1.454;0.094;2.327;0.5;1;1;1;1;0.0005;-1;0;0}{supernova.bmp.bfxm;1.059;-0.157;2.327;0.5;1;1;1;1;0.0005;0;1;0}{supernova.bmp.bfxm;-1.059;0.346;2.327;0.5;1;1;1;1;0.0005;0;-1;0}{supernova.bmp.bfxm;-1.454;0.094;2.327;0.5;1;1;1;1;0.0005;1;0;0}{supernova.bmp.bfxm;-1.059;-0.157;2.327;0.5;1;1;1;1;0.0005;0;1;0}{supernova.bmp.bfxm;1.652;0.208;1.565;0.8;1;1;1;1;0.0005;0;0;-1}{supernova.bmp.bfxm;-1.652;0.208;1.565;0.8;1;1;1;1;0.0005;0;0;-1}",,"Venerable LIHW built armed light cargo shuttle"
"Llama.blank","Llama","./vessels/Llama","llama-hud.spr",,0,0,3.5,7,"{llama.bfxm;;}",,,,,,";;;;;;","{supernova.bmp.bfxm;0.00000e+0;0.350000;-2.09200;2;;;;;}{supernova.bmp.bfxm;1.31600;-6.00000e-3;-1.82200;2;;;;;}{supernova.bmp.bfxm;-1.32800;-6.00000e-3;-1.82200;2;;;;;}{supernova.bmp.bfxm;1.316;0.450;-1.37;0.5;1;1;1;1;0.0005;0;-1;0}{supernova.bmp.bfxm;1.963;0.010;-1.37;0.5;1;1;1;1;0.0005;-1;0;0}{supernova.bmp.bfxm;1.316;-0.431;-1.37;0.5;1;1;1;1;0.0005;0;1;0}{supernova.bmp.bfxm;-1.316;0.450;-1.37;0.5;1;1;1;1;0.0005;0;-1;0}{supernova.bmp.bfxm;-1.963;0.010;-1.37;0.5;1;1;1;1;0.0005;1;0;0}{supernova.bmp.bfxm;-1.316;-0.431;-1.37;0.5;1;1;1;1;0.0005;0;1;0}{supernova.bmp.bfxm;1.059;0.346;2.327;0.5;1;1;1;1;0.0005;0;-1;0}{supernova.bmp.bfxm;1.454;0.094;2.327;0.5;1;1;1;1;0.0005;-1;0;0}{supernova.bmp.bfxm;1.059;-0.157;2.327;0.5;1;1;1;1;0.0005;0;1;0}{supernova.bmp.bfxm;-1.059;0.346;2.327;0.5;1;1;1;1;0.0005;0;-1;0}{supernova.bmp.bfxm;-1.454;0.094;2.327;0.5;1;1;1;1;0.0005;1;0;0}{supernova.bmp.bfxm;-1.059;-0.157;2.327;0.5;1;1;1;1;0.0005;0;1;0}{supernova.bmp.bfxm;1.652;0.208;1.565;0.8;1;1;1;1;0.0005;0;0;-1}{supernova.bmp.bfxm;-1.652;0.208;1.565;0.8;1;1;1;1;0.0005;0;0;-1}",,"Venerable LIHW built armed light cargo shuttle"
"Plowshare","Plowshare","./vessels/Plowshare","wayfarer-hud.spr","no-cockpit",0,6,25,1,"{plowshare.bfxm;;}","plowshare_shield.bfxm",,,,,";;;;;;","{supernova.bmp.bfxm;6.3;8;-12.25;8;;;;;}{supernova.bmp.bfxm;-6.3;8;-12.25;8;;;;;}{supernova.bmp.bfxm;12.75;-3.4;-14.75;8;;;;;}{supernova.bmp.bfxm;-12.75;-3.4;-14.75;8;;;;;}{supernova.bmp.bfxm;12.75;-9;-14.75;8;;;;;}{supernova.bmp.bfxm;-12.75;-9;-14.75;8;;;;;}",,"Lovingly referred to as a 'large brick with engines and guns', the Plowshare is a top of the line Purist cargo shuttle, far more spacious than the aged LIHW Llama, and easier to obtain for private use than the Merchant Reindeer. Much of the non-Merchant's Guild traffic within Purist friendly systems occurs via Plowshares."
"Plowshare.blank","Plowshare","./vessels/Plowshare","wayfarer-hud.spr","no-cockpit",0,6,25,1,"{plowshare.bfxm;;}","plowshare_shield.bfxm",,,,,";;;;;;","{supernova.bmp.bfxm;6.3;8;-12.25;8;;;;;}{supernova.bmp.bfxm;-6.3;8;-12.25;8;;;;;}{supernova.bmp.bfxm;12.75;-3.4;-14.75;8;;;;;}{supernova.bmp.bfxm;-12.75;-3.4;-14.75;8;;;;;}{supernova.bmp.bfxm;12.75;-9;-14.75;8;;;;;}{supernova.bmp.bfxm;-12.75;-9;-14.75;8;;;;;}",,"Lovingly referred to as a 'large brick with engines and guns', the Plowshare is a top of the line Purist cargo shuttle, far more spacious than the aged LIHW Llama, and easier to obtain for private use than the Merchant Reindeer. Much of the non-Merchant's Guild traffic within Purist friendly systems occurs via Plowshares."
"Sartre","Sartre","./vessels/Sartre","sartre-hud.sprite","no-cockpit",0,0,0,8,"{sartre.bfxm;;}",,,,,,";;;;;;","{supernova.bmp.bfxm;0;0.8;-5.5;5;;;;;}",,"Andolian Protectorate orbital shuttle"
"Sartre.blank","Sartre","./vessels/Sartre","sartre-hud.sprite","no-cockpit",0,0,0,8,"{sartre.bfxm;;}",,,,,,";;;;;;","{supernova.bmp.bfxm;0;0.8;-5.5;5;;;;;}",,"Andolian Protectorate orbital shuttle"
"Bell","Bell","./vessels/Bell","bell-hud.sprite","no-cockpit",0,0,3.5,77,"{bell.bfxm;;}","bell-shield.bfxm",,,,,";;;;;;","{supernova.bmp.bfxm;-0.22;0.52;-2.89;0.227;;;;;}{supernova.bmp.bfxm;0.22;0.52;-2.89;0.227;;;;;}{supernova.bmp.bfxm;0.0;0.77;-2.83;0.627;;;;;}{supernova.bmp.bfxm;0.0;0.22;-2.95;0.839;;;;;}",,"Andolian communication vessel"
"Bell.blank","Bell","./vessels/Bell","bell-hud.sprite","no-cockpit",0,0,3.5,77,"{bell.bfxm;;}","bell-shield.bfxm",,,,,";;;;;;","{supernova.bmp.bfxm;-0.22;0.52;-2.89;0.227;;;;;}{supernova.bmp.bfxm;0.22;0.52;-2.89;0.227;;;;;}{supernova.bmp.bfxm;0.0;0.77;-2.83;0.627;;;;;}{supernova.bmp.bfxm;0.0;0.22;-2.95;0.839;;;;;}",,"Andolian communication vessel"
"Charillus","Charillus","./vessels/Charillus","Charillus-hud.spr",,0,0,0,64,"{Charillus.bfxm;;}",,,,,,";;;;;;","{aeraburn.bfxm;0;0.75;-3.35;1.75;;;;;}{aeraburn.bfxm;0;0.9;-3.15;1.75;;;;;}{aeraburn.bfxm;0.5;0.85;-3.2;1.5;;;;;}{aeraburn.bfxm;0.25;0.85;-3.2;1.5;;;;;}{aeraburn.bfxm;-0.5;0.85;-3.2;1.5;;;;;}{aeraburn.bfxm;-0.25;0.85;-3.2;1.5;;;;;}",,
"Charillus.blank","Charillus","./vessels/Charillus","Charillus-hud.spr",,0,0,0,64,"{Charillus.bfxm;;}",,,,,,";;;;;;","{aeraburn.bfxm;-1;5.125;-11.25;2;;;;;}",,
"Cultivator","Cultivator","./vessels/Cultivator","cultivator-hud.sprite",,0,0,0,50,"{cultivator.bfxm;;}",,,,,,";;;;;;","{supernova.bmp.bfxm;0.115;-0.33;-7.37;0.61;;;;;}{supernova.bmp.bfxm;0.115;-0.67;-7.37;0.61;;;;;}{supernova.bmp.bfxm;0.35;-0.33;-7.37;0.61;;;;;}{supernova.bmp.bfxm;0.35;-0.67;-7.37;0.61;;;;;}{supernova.bmp.bfxm;0.72;-0.33;-7.37;0.61;;;;;}{supernova.bmp.bfxm;0.72;-0.67;-7.37;0.61;;;;;}{supernova.bmp.bfxm;0.955;-0.33;-7.37;0.61;;;;;}{supernova.bmp.bfxm;0.955;-0.67;-7.37;0.61;;;;;}{supernova.bmp.bfxm;-0.235;-0.33;-7.37;0.61;;;;;}{supernova.bmp.bfxm;-0.235;-0.67;-7.37;0.61;;;;;}{supernova.bmp.bfxm;-0.47;-0.33;-7.37;0.61;;;;;}{supernova.bmp.bfxm;-0.47;-0.67;-7.37;0.61;;;;;}{supernova.bmp.bfxm;-0.84;-0.33;-7.37;0.61;;;;;}{supernova.bmp.bfxm;-0.84;-0.67;-7.37;0.61;;;;;}{supernova.bmp.bfxm;-1.075;-0.33;-7.37;0.61;;;;;}{supernova.bmp.bfxm;-1.075;-0.67;-7.37;0.61;;;;;}",,"Shaper mining/resource gathering vessel"
"Cultivator.blank","Cultivator","./vessels/Cultivator","cultivator-hud.sprite",,0,0,0,50,"{cultivator.bfxm;;}",,,,,,";;;;;;","{supernova.bmp.bfxm;0.115;-0.33;-7.37;0.61;;;;;}{supernova.bmp.bfxm;0.115;-0.67;-7.37;0.61;;;;;}{supernova.bmp.bfxm;0.35;-0.33;-7.37;0.61;;;;;}{supernova.bmp.bfxm;0.35;-0.67;-7.37;0.61;;;;;}{supernova.bmp.bfxm;0.72;-0.33;-7.37;0.61;;;;;}{supernova.bmp.bfxm;0.72;-0.67;-7.37;0.61;;;;;}{supernova.bmp.bfxm;0.955;-0.33;-7.37;0.61;;;;;}{supernova.bmp.bfxm;0.955;-0.67;-7.37;0.61;;;;;}{supernova.bmp.bfxm;-0.235;-0.33;-7.37;0.61;;;;;}{supernova.bmp.bfxm;-0.235;-0.67;-7.37;0.61;;;;;}{supernova.bmp.bfxm;-0.47;-0.33;-7.37;0.61;;;;;}{supernova.bmp.bfxm;-0.47;-0.67;-7.37;0.61;;;;;}{supernova.bmp.bfxm;-0.84;-0.33;-7.37;0.61;;;;;}{supernova.bmp.bfxm;-0.84;-0.67;-7.37;0.61;;;;;}{supernova.bmp.bfxm;-1.075;-0.33;-7.37;0.61;;;;;}{supernova.bmp.bfxm;-1.075;-0.67;-7.37;0.61;;;;;}",,"Shaper mining/resource gathering vessel"
"Diligence","Diligence","./vessels/Diligence","diligence-hud.sprite","no-cockpit",0,0,0,25,"{diligence.bfxm;;}",,,,,,,"{supernova.bmp.bfxm;0;-0.5;-6;3.5;;;;;}{supernova.bmp.bfxm;0;0.375;-6;4;;;;;}{supernova.bmp.bfxm;0;1.05;-6;3;;;;;}",,"Purist resourcing craft."
"Diligence.blank","Diligence","./vessels/Diligence","diligence-hud.sprite","no-cockpit",0,0,0,25,"{diligence.bfxm;;}",,,,,,,"{supernova.bmp.bfxm;0;-0.5;-6;3.5;;;;;}{supernova.bmp.bfxm;0;0.375;-6;4;;;;;}{supernova.bmp.bfxm;0;1.05;-6;3;;;;;}",,"Purist resourcing craft."
"Emu","Emu","./vessels/Emu","emu-hud.sprite","no-cockpit",0,0,0,25,"{emu.bfxm;;}",,,,,,,"{supernova.bmp.bfxm;0;-0.5;-6;3.5;;;;;}{supernova.bmp.bfxm;0;0.375;-6;4;;;;;}{supernova.bmp.bfxm;0;1.05;-6;3;;;;;}",,
"Emu.blank","Emu","./vessels/Emu","emu-hud.sprite","no-cockpit",0,0,0,25,"{emu.bfxm;;}",,,,,,,"{supernova.bmp.bfxm;0;-0.5;-6;3.5;;;;;}{supernova.bmp.bfxm;0;0.375;-6;4;;;;;}{supernova.bmp.bfxm;0;1.05;-6;3;;;;;}",,
"Gaozong","Gaozong","./vessels/Gaozong","gaozong-hud.spr","rlaan-cockpit.cpt",0,0,0,0.5,"{gaozong.bfxm;;}",,,,,,";;;;;;",,"explosion_rlaan.ani","Rlaan Probe"
"Gaozong.blank","Gaozong","./vessels/Gaozong","gaozong-hud.spr","rlaan-cockpit.cpt",0,0,0,0.5,"{gaozong.bfxm;;}",,,,,,";;;;;;",,"explosion_rlaan.ani","Rlaan Probe"
"Gleaner","Gleaner","./vessels/Gleaner","Gleaner-hud.spr","no-cockpit",0,0,0,1,"{ishmael.bfxm;;}",,,,,,";;;;;;","{supernova.bmp.bfxm;39;-32;16;95;;;;;}{supernova.bmp.bfxm;-39;-32;16;95;;;;;}{supernova.bmp.bfxm;37;45;-410;75;;;;;}{supernova.bmp.bfxm;-37;45;-410;75;;;;;}",,"Old as dirt, and ten times as likely to be covering up contraband."
"Gleaner.blank","Gleaner","./vessels/Gleaner","Gleaner-hud.spr","no-cockpit",0,0,0,1,"{ishmael.bfxm;;}",,,,,,";;;;;;","{supernova.bmp.bfxm;39;-32;16;95;;;;;}{supernova.bmp.bfxm;-39;-32;16;95;;;;;}{supernova.bmp.bfxm;37;45;-410;75;;;;;}{supernova.bmp.bfxm;-37;45;-410;75;;;;;}",,"Old as dirt, and ten times as likely to be covering up contraband."
"Hidalgo","Hidalgo","./vessels/Hidalgo","hidalgo-hud.sprite","no-cockpit",0,0,0,1,"{hidalgo.bfxm;;}",,,,,,,"{supernova.bmp.bfxm;5;8.5;-76.75;45;;;;;}{supernova.bmp.bfxm;-5;8.5;-76.75;45;;;;;}{supernova.bmp.bfxm;2.75;-7.375;-76;20;;;;;}{supernova.bmp.bfxm;-2.75;-7.375;-76;20;;;;;}{supernova.bmp.bfxm;0;-10.65;-74.75;20;;;;;}{supernova.bmp.bfxm;-14.25;-15;-25.5;30;;;;;}{supernova.bmp.bfxm;14.25;-15;-25.5;30;;;;;}",,"A luxury yacht of such size and quality of construction that only the wealthy can consider investing in one."
"Hidalgo.blank","Hidalgo","./vessels/Hidalgo","hidalgo-hud.sprite","no-cockpit",0,0,0,1,"{hidalgo.bfxm;;}",,,,,,,"{supernova.bmp.bfxm;5;8.5;-76.75;45;;;;;}{supernova.bmp.bfxm;-5;8.5;-76.75;45;;;;;}{supernova.bmp.bfxm;2.75;-7.375;-76;20;;;;;}{supernova.bmp.bfxm;-2.75;-7.375;-76;20;;;;;}{supernova.bmp.bfxm;0;-10.65;-74.75;20;;;;;}{supernova.bmp.bfxm;-14.25;-15;-25.5;30;;;;;}{supernova.bmp.bfxm;14.25;-15;-25.5;30;;;;;}",,"A luxury yacht of such size and quality of construction that only the wealthy can consider investing in one."
"MacGyver","MacGyver","./vessels/MacGyver","macgyver-hud.sprite",,0,0,0,1,"{macgyver.bfxm;;}","macgyver-shield.bfxm",,,,,";;;;;;","{supernova.bmp.bfxm;1.85;0.9;-0.5;1.5;;;;;}{supernova.bmp.bfxm;-1.83;0.9;-0.5;1.5;;;;;}",,"Maintenance and construction flyer"
"MacGyver.blank","MacGyver","./vessels/MacGyver","macgyver-hud.sprite",,0,0,0,1,"{macgyver.bfxm;;}","macgyver-shield.bfxm",,,,,";;;;;;","{supernova.bmp.bfxm;1.85;0.9;-0.5;1.5;;;;;}{supernova.bmp.bfxm;-1.83;0.9;-0.5;1.5;;;;;}",,"Maintenance and construction flyer"
"Mule","Mule","./vessels/Mule","longhaul-hud.spr","no-cockpit",0,0,75,1.1,"{mule.bfxm;;}","mule_shields.bfxm",,,,,,"{supernova.bmp.bfxm;5;8.5;-76.75;45;;;;;}{supernova.bmp.bfxm;-5;8.5;-76.75;45;;;;;}{supernova.bmp.bfxm;2.75;-7.375;-76;20;;;;;}{supernova.bmp.bfxm;-2.75;-7.375;-76;20;;;;;}{supernova.bmp.bfxm;0;-10.65;-74.75;20;;;;;}{supernova.bmp.bfxm;-14.25;-15;-25.5;30;;;;;}{supernova.bmp.bfxm;14.25;-15;-25.5;30;;;;;}",,"The most ubiquitous cargo hauler in human space, Mule class vessels are prized for both their dependability, and, because of their number and smallish size, their ease of replacement."
"Mule.blank","Mule","./vessels/Mule","longhaul-hud.spr","no-cockpit",0,0,75,1.1,"{mule.bfxm;;}","mule_shields.bfxm",,,,,,"{supernova.bmp.bfxm;5;8.5;-76.75;45;;;;;}{supernova.bmp.bfxm;-5;8.5;-76.75;45;;;;;}{supernova.bmp.bfxm;2.75;-7.375;-76;20;;;;;}{supernova.bmp.bfxm;-2.75;-7.375;-76;20;;;;;}{supernova.bmp.bfxm;0;-10.65;-74.75;20;;;;;}{supernova.bmp.bfxm;-14.25;-15;-25.5;30;;;;;}{supernova.bmp.bfxm;14.25;-15;-25.5;30;;;;;}",,"The most ubiquitous cargo hauler in human space, Mule class vessels are prized for both their dependability, and, because of their number and smallish size, their ease of replacement."
"Ox","Ox","./vessels/Ox","cargoship.spr","no-cockpit",0,0,325,1,"{ox_new.bfxm;;}",,,,,,";;;;;;","{supernova.bmp.bfxm;60;90;-370;22;;;;;}{supernova.bmp.bfxm;-60;90;-370;22;;;;;}{supernova.bmp.bfxm;130;-60;-370;22;;;;;}{supernova.bmp.bfxm;0;-60;-370;22;;;;;}{supernova.bmp.bfxm;-130;-60;-370;22;;;;;}",,"A container transport, the Ox is more suited to multi-hop interstellar bulk cargo runs than the smaller mule."
"Ox.blank","Ox","./vessels/Ox","cargoship.spr","no-cockpit",0,0,325,1,"{ox_new.bfxm;;}",,,,,,";;;;;;","{supernova.bmp.bfxm;60;90;-370;22;;;;;}{supernova.bmp.bfxm;-60;90;-370;22;;;;;}{supernova.bmp.bfxm;130;-60;-370;22;;;;;}{supernova.bmp.bfxm;0;-60;-370;22;;;;;}{supernova.bmp.bfxm;-130;-60;-370;22;;;;;}",,"A container transport, the Ox is more suited to multi-hop interstellar bulk cargo runs than the smaller mule."
"Quicksilver","Quicksilver","./vessels/Quicksilver","quicksilver-hud.sprite","no-cockpit",0,0,0,1.5,"{quicksilver.bfxm;;}",,,,,,";;;;;;","{supernova.bmp.bfxm;0;0;-6.36800;4;;;;;}",,"Confederation courier ship"
"Quicksilver.blank","Quicksilver","./vessels/Quicksilver","quicksilver-hud.sprite","no-cockpit",0,0,0,1.5,"{quicksilver.bfxm;;}",,,,,,";;;;;;","{supernova.bmp.bfxm;0;0;-6.36800;4;;;;;}",,"Confederation courier ship"
"Shenzong","Shenzong","./vessels/Shenzong","shenzong-hud.sprite","rlaan-cockpit.cpt",0,0,0,3,"{shenzong.bfxm;;}",,,,,,";;;;;;",,,"Rlaan cargo shuttle"
"Shenzong.blank","Shenzong","./vessels/Shenzong","shenzong-hud.sprite","rlaan-cockpit.cpt",0,0,0,3,"{shenzong.bfxm;;}",,,,,,";;;;;;",,,"Rlaan cargo shuttle"
"Tridacna","Tridacna","./vessels/Tridacna","tridacna-hud.sprite",,,,,1,"{tridacna.bfxm;;}","tridacna-shield.bfxm",,,,,";;;;;;","{supernova.bmp.bfxm;18.25;18.5;-115;10;;;;;}",,"Dupe of Clydesdale for testing"
"Tridacna.blank","Tridacna","./vessels/Tridacna","tridacna-hud.sprite",,,,,1,"{tridacna.bfxm;;}","tridacna-shield.bfxm",,,,,";;;;;;","{supernova.bmp.bfxm;18.25;18.5;-115;10;;;;;}",,"Dupe of Clydesdale for testing"
"Xuanzong","Xuanzong","./vessels/Xuanzong","Xuanzong-hud.spr",,0,0,0,2,"{Xuanzong.bfxm;;}",,,,,,";;;;;;","{supernova.bmp.bfxm;1.302201;-0.152592;-6.2;2;;;;;}{supernova.bmp.bfxm;-1.302201;-0.152592;-6.2;2;;;;;}{supernova.bmp.bfxm;1.732082;-0.151008;-6.2;2;;;;;}{supernova.bmp.bfxm;-1.732082;-0.151008;-6.2;2;;;;;}{supernova.bmp.bfxm;2.863410;-0.146839;-6.2;2;;;;;}{supernova.bmp.bfxm;-2.863410;-0.146839;-6.2;2;;;;;}{supernova.bmp.bfxm;2.353267;-0.148718;-6.2;2;;;;;}{supernova.bmp.bfxm;-2.353267;-0.148718;-6.2;2;;;;;}{supernova.bmp.bfxm;0.506365;-0.78629;-5.229958;2;;;;;}{supernova.bmp.bfxm;-0.506365;-0.78629;-5.229958;2;;;;;}{supernova.bmp.bfxm;0.230966;0.46835;-5.2848989;2;;;;;}{supernova.bmp.bfxm;-0.230966;0.46835;-5.2848989;2;;;;;}",,
"Yeoman","Yeoman","./vessels/Yeoman","Yeoman-hud.spr","no-cockpit",0,54,524,1.25,"{stoic.bfxm;;}",,,,,,";;;;;;","{supernova.bmp.bfxm;0;-35;-600;150;;;;;}{supernova.bmp.bfxm;50;45;-666;125;;;;;}{supernova.bmp.bfxm;-50;45;-666;125;;;;;}",,"Workhorse of the Uln transport economy."
"Yeoman.blank","Yeoman","./vessels/Yeoman","Yeoman-hud.spr","no-cockpit",0,54,524,1.25,"{stoic.bfxm;;}",,,,,,";;;;;;","{supernova.bmp.bfxm;0;-35;-600;150;;;;;}{supernova.bmp.bfxm;50;45;-666;125;;;;;}{supernova.bmp.bfxm;-50;45;-666;125;;;;;}",,"Workhorse of the Uln transport economy."
,,,,,,,,,,,,,,,,,,
"Skatecargo","Dodo_Cargo","./vessels/Dodo",,,,,,0.2,"{skatecargo.bfxm;;}",,,,,,";;;;;;",,,"destroyable cargo pod"
